data,decision,judge,region,articles
"кция представила доказательства, что налогоплательщиком не представлено документального подтверждения соблюдения правил ведения раздельного учёта в целях налогообложения НДС и налога на прибыль, а также регистры налогового учёта, подтверждающие пообъектное списание ТМЦ на территории РФ и за пределами РФ. В соответствии с частью 3 статьи 201 АПК РФ арбитражный суд, установив, что оспариваемый ненормативный правовой акт, решения и действия (бездействие) органов, осуществляющих публичные полномочия, должностных лиц соответствуют закону или иному нормативному правовому акту и не нарушают права и законные интересы заявителя, суд принимает решение об отказе в удовлетворении заявленного требования. При указанных обстоятельствах, оснований для признания оспариваемого решения налоговой инспекции незаконным у суда не имеется, в связи с чем, заявление общества удовлетворению не подлежит. руководствуясь статьями 167, 168, 169, 170, 201 Арбитражного процессуального кодекса Российской Федерации, суд",частично,И.В. Навакова,Буденновск,"{'апк': [167, 168, 169, 170, 198, 201]}"
"тельствует о том, что Маркетплейс возвращены отправления истцу на сумму 30 401 руб. Таким образом, с ответчика не может быть взыскана сумма убытков, рассчитанных на основании документов о закупочной стоимости, более 156 213 руб. 98 коп. (186 614, 98 руб. - размер исковых требований - 30 401 руб.- стоимость возвращенных товаров). На сумму 156 213 руб. 98 коп. ответчик указывает на то, что истцом не предоставлено доказательств фото и видеоматериалов упаковки и передачи товара в качестве доказательства несения убытков. Между тем, соглашаясь с доводами истца, данные возражения в условиях принятия груза по реестру, который подписан от ответчика третьим лицом, являются несостоятельными. Учитывая изложенное, исковые требования подлежат частичному удовлетворению в сумме 156 213 руб. 98 коп. На основании ст. 110 АПК РФ расходы по государственной пошлине подлежат отнесению на ответчика пропорционально удовлетворенным исковым требованиям. 3 Руководствуясь ст. ст. 110, 167-171, 180-181 АПК РФ, суд",частично,Елена Алибековна,Москва,{}
"нению в отношении должника положения пункта 8 статьи 213.6 Закона о банкротстве. Арбитражный суд утверждает финансового управляющего в порядке, установленном статьей 45 Закона о банкротстве настоящего Федерального закона, с учетом положений статьей 213.4, 213.5, 213.9 названного Закона. На основании определения арбитражного суда согласно пункту 4 статьи 213.4 Закона о банкротстве саморегулируемая организация, заявленная должником при подаче заявления о признании себя несостоятельным (банкротом), представила к утверждению кандидатуру арбитражного управляющего с заключением о соответствии требованиям статей 20 и 20.2 Закона о банкротстве, который изъявил своё желание быть финансовым управляющим в деле о банкротстве должника-гражданина. Руководствуясь статьями 167-170, 176, 223 Арбитражного процессуального кодекса Российской Федерации и статьями 20, 20.2, 45, 124, 126, 127, 213.6, 213.9, 213.24 Федерального закона от 26.10.2002 № 127-ФЗ «О несостоятельности (банкротстве)», арбитражный суд",принято,А.О. Монгуш,Москва,"{'апк': [121, 167, 168, 169, 170, 176, 223]}"
"ания для грузополучателей. При этом необходимо учитывать, что согласно абзацу 4 того же пункта Правил, датой фактического срока доставки груза по назначению, является дата уведомления грузополучателя о прибытии груза, на железнодорожную станцию назначения - эта дата также указывается в разделе «Календарные штемпеля». 5 При этом, для определения посуточного срока фактической доставки груза в соответствии с правилами, предусмотренными п. 2.6. Правил, неполные сутки перевозки вагонов принимаются за полные. В силу статьи 793 ГК РФ, в случае ненадлежащего исполнения обязательств по перевозке стороны несут ответственность, установленную, в том числе, транспортными уставами и кодексами. Судом расчет истца проверен, признан верным. С учетом изложенного, исковые требования подлежат удовлетворению в полном объеме. Расходы по оплате государственной пошлины распределяются в соответствии со ст. 110 АПК РФ. На основании и руководствуясь ст. ст. 65, 68, 71, 75, 110, 167-171, 176, 180, 181 АПК РФ, суд",частично,Т.В. Моисеенко,Москва,{'гк': [10]}
"а 26 Постановления Пленума Верховного Суда Российской Федерации от 21.01.2016 № 1 «О некоторых вопросах применения законодательства о возмещении издержек, связанных с рассмотрением дела», добровольное удовлетворение ответчиком исковых требований после обращения истца в суд (подачи искового заявления) является достаточным основанием для возложения на ответчика всех расходов истца, в том числе и по уплате государственной пошлины. (Определение Верховного Суда Российской Федерации от 27.09.2021 №310-ЭС21-5030). Учитывая частичное погашение задолженности ответчиком после обращения истца в арбитражный суд, исходя из уточненных требований, следует взыскать с ответчика в пользу истца расходы по уплате государственной пошлины в сумме 34 930,00 руб. Государственная пошлина в размере 887,00 руб. подлежит взысканию с ответчика в доход федерального бюджета. Руководствуясь статьями 49, 65, 110, 159, 167-170, 182 ч.2, 229, 257 Арбитражного процессуального кодекса Российской Федерации, арбитражный суд",частично,М.В. Новикова,Воронеж,{'жк': [157]}
"нению в отношении должника положения пункта 8 статьи 213.6 Закона о банкротстве. Арбитражный суд утверждает финансового управляющего в порядке, установленном статьей 45 Закона о банкротстве настоящего Федерального закона, с учетом положений статьей 213.4, 213.5, 213.9 названного Закона. На основании определения арбитражного суда согласно пункту 4 статьи 213.4 Закона о банкротстве саморегулируемая организация, заявленная должником при подаче заявления о признании себя несостоятельным (банкротом), представила к утверждению кандидатуру арбитражного управляющего с заключением о соответствии требованиям статей 20 и 20.2 Закона о банкротстве, который изъявил своё желание быть финансовым управляющим в деле о банкротстве должника-гражданина. Руководствуясь статьями 167-170, 176, 223 Арбитражного процессуального кодекса Российской Федерации и статьями 20, 20.2, 45, 124, 126, 127, 213.6, 213.9, 213.24 Федерального закона от 26.10.2002 № 127-ФЗ «О несостоятельности (банкротстве)», арбитражный суд",принято,А.О. Монгуш,Москва,"{'апк': [18, 121, 167, 168, 169, 170, 176, 223]}"
"ленные действия, не связанные со взысканием денежных средств или с передачей имущества, арбитражный суд в резолютивной части решения указывает лицо, обязанное совершить эти действия, а также место и срок их совершения (часть 1 статьи 174 АПК РФ). С учетом возможности ответчика по исполнению обязательства, отсутствия каких- либо затруднений по его исполнению, а также иных заслуживающих внимания обстоятельств, суд признает достаточным заявленный истцом срок 10 дней для того, чтобы ответчик самостоятельно освободил самовольно занятый земельный участок площадью 123 кв.м. путем демонтажа летней площадки, расположенной по адресу: г. Ставрополь, в районе нежилого здания №56б по улице Доваторцев. 5 Судебные расходы по уплате государственной пошлины за рассмотрение заявления распределены в соответствии с требованиями статьи 110 АПК РФ. На основании изложенного, руководствуясь статьями 110, 167 – 170 Арбитражного процессуального кодекса Российской Федерации, Арбитражный суд Ставропольского края,",принято,Любовь Валерьевна,Ставрополь,"{'зк': [25, 26], 'апк': [4]}"
"во об отсрочке оплаты государственной пошлины до вступления в законную силу судебного акта по делу. В пункте 16 постановления Пленума ВАС РФ от 11.07.2014 № 46 «О применении законодательства о государственной пошлине при рассмотрении дел в арбитражных 11 судах» разъяснено, что в тех случаях, когда до окончания рассмотрения дела государственная пошлина не была уплачена (взыскана) частично либо в полном объеме ввиду действия отсрочки, рассрочки по уплате госпошлины, увеличения истцом размера исковых требований после обращения в арбитражный суд, вопрос о взыскании неуплаченной в федеральный бюджет государственной пошлины разрешается судом исходя из следующих обстоятельств. Если суд удовлетворяет заявленные требования, государственная пошлина взыскивается с другой стороны непосредственно в доход федерального бюджета применительно к части 3 статьи 110 АПК РФ. Руководствуясь ст. 49, 110, 167 – 171 Арбитражного процессуального кодекса Российской Федерации, Арбитражный суд Ставропольского края",частично,Л.В. Быкодорова,Ставрополь,"{'апк': [228], 'жк': [154], 'гк': [333]}"
"действуя в строгом соответствии со ст. 71 Арбитражного процессуального кодекса Российской Федерации, арбитражный суд, оценив представленные в материалы дела доказательства по своему внутреннему убеждению, основанному на всестороннем, полном, объективном и непосредственном их исследовании, оценив также относимость, допустимость, достоверность каждого доказательства в отдельности, а также достаточность и взаимную связь доказательств в их совокупности, находит первоначально заявленные требования подлежащими удовлетворению, в удовлетворении встречного иска суд отказыывает. Расходы по оплате государственной пошлины подлежат распределению в порядке ст. 110 АПК РФ. 6 Таким образом, указанные расходы подлежат взысканию с ответчика в пользу истца. На основании ст. 8, 10, 12, 307-310, 395, 421, 431, 450, 450.1, 702, 708, 711, 720, 746, 753, 1102, 1107 Гражданского кодекса Российской Федерации руководствуясь ст. ст. 110, 167, 170, 176 Арбитражного процессуального кодекса Российской Федерации, суд",частично,Ксения Владимировна,Москва,{}
"одились в незаконном обороте, то в резолютивной части решения суда определяются дальнейшие действия с такими вещами. В силу пункта 4 статьи 1252 ГК РФ в случае, когда изготовление, распространение или иное использование, а также импорт, перевозка или хранение материальных носителей, в которых выражены результат интеллектуальной деятельности или средство 5 индивидуализации, приводят к нарушению исключительного права на такой результат или на такое средство, такие материальные носители считаются контрафактными и по решению суда подлежат изъятию из оборота или уничтожению без какой бы то ни было компенсации, если иные последствия не предусмотрены ГК РФ. На основании изложенного изъятые в соответствии с протоколом изъятия от 10.07.2024 года предметы, содержащие незаконное воспроизведение товарных знаков, подлежат изъятию из оборота и уничтожению в установленном законом порядке. Руководствуясь статьями 167 - 171, 206 Арбитражного процессуального кодекса Российской Федерации, арбитражный суд",принято,Юшкарёв Илья Юрьевич,Калининград,{}
"а нарушения денежного обязательства удовлетворяет исковые требования частично в пределах размера суммы неустойки, подлежащей взысканию (абзац шестой ответа). 3 Пунктом 6.5 договора предусмотрено право исполнителя взыскать с заказчика неустойку в размере 0,1% от стоимости просроченного платежа за каждый день просрочки, но не более 5% (т.е. 14 250 руб.). Размер процентов не превышает заданное значение, таким образом, исходя из верно определенного периода просрочки по каждому из актов, при отсутствии спора между сторонами по данного требованию, проценты подлежат взысканию с ответчика в пользу истца. Госпошлина относится на ответчика (абзац первый части 1 статьи 110 АПК РФ), учитывая удовлетворение требований истца судом в полном объеме. На основании статей 1, 8, 12, 307, 309, 310, 395, 702, 711, 720, 753 Гражданского кодекса Российской Федерации, руководствуясь статьями 9, 41, 65, 70, 71, 110, 112, 153, 156, 167, 170, 180, 181 Арбитражного процессуального кодекса Российской Федерации, суд",частично,Сорокин Владислав Петрович,Москва,"{'апк': [9, 41, 65, 70, 71, 110, 112, 153, 156, 167, 170, 180, 181]}"
"акт оказания истцом услуг (выполнения работ) и их стоимость подтверждены достоверными и достаточными доказательствами (акты оказанных услуг), о фальсификации которых ответчиком в порядке ст. 161 АПК РФ не заявлено. На день вынесения решения, в нарушение ст. 65 АПК РФ, ответчик доказательств оплаты задолженности не представил. Факт оказания услуг истцом по данным актам подтвержден, в связи с чем, суд считает требование истца о взыскании с ответчика основного долга в размере 3 038 925,60 руб. обоснованным, документально подтвержденным и подлежащим удовлетворению. В соответствии с положениями ст. 110 АПК РФ судебные расходы, понесенные лицами, участвующими в деле, в пользу которых принят судебный акт, взыскиваются арбитражным судом со стороны, в связи с чем, суд считает необходимым взыскать с ответчика в пользу истца государственную пошлину в размере 116 168,00 руб.. Руководствуясь статьями 110, 167 – 170, 176, 216 Арбитражного процессуального кодекса Российской Федерации, арбитражный суд",принято,А.С. Шайдуллина,Москва,{'апк': [259]}
"я от 02.12.2021 между ИП Дубровиным А.А. и ООО «Фермер Плюс», на основании которого ИП Дубровиным А.А. приобрел право требование к ООО «Сервис-ГАО», что подтверждается Решением Арбитражного суда г. Москвы от 21.11.2024 по делу № А40-122244/24. Также ИП Киму А. было отказано в иске о признании недействительным договора на оказание юридических услуг от 30.04.2020, заключенного между ООО Юридическая фирма «ЛЕГЭ» и ООО «Фермер Плюс», что подтверждается Решением Арбитражного суда г. Москвы от 20.11.2024 по делу № А40-122249/2024. Таким образом, доводы, приводимые в отзыве на исковое заявление, уже были предметом рассмотрения иных дел, в которых данные доводы были опровергнуты. В соответствии со ст. 110 АПК РФ расходы по госпошлине, понесенные истцом, подлежат взысканию с ответчика в полном объеме от суммы иска, поскольку требования, заявленные в иске, обоснованы. На основании ст.ст. 11, 12, 16, 309, 310, 395 ГК РФ, руководствуясь ст.ст. 16, 64, 65, 69, 110, 167-171, 176, 180, 181 АПК РФ суд",принято,Чекмарева Наталия Алексеевна,Москва,{'гк': [395]}
"своему внутреннему убеждению, основанному на всестороннем, полном, объективном и непосредственном исследовании имеющихся в деле доказательств. Суд, исследовав и оценив представленные доказательства, считает исковые требования обоснованными и подлежащими удовлетворению в части. В соответствии со статьями 102, 110 Арбитражного процессуального кодекса Российской Федерации расходы по государственной пошлине относятся на стороны пропорционально размеру удовлетворенных исковых требований. На основании изложенного, исходя из того, что судом частично отказано в удовлетворении исковых требований, расходы по оплате государственной пошлины подлежат отнесению на истца в размере 29,79 руб., на ответчика – 14126,21 руб. По ходатайству лиц, участвующих в деле, копии решения на бумажном носителе могут быть направлены им в пятидневный срок со дня поступления соответствующего ходатайства. Руководствуясь статьями 102, 110, 167-170 Арбитражного процессуального кодекса Российской Федерации, арбитражный суд",частично,Е.А. Хорошун,Тамбов,"{'апк': [4, 9, 102, 110, 167, 168, 169, 170], 'гк': [8, 12, 309, 310, 329, 330, 421, 779, 781]}"
"ведением осмотра доказательств на месте, расходы на оплату услуг адвокатов и иных лиц. оказывающих юридическую помощь (представителей), и другие расходы, понесенные лицами, участвующими в деле, в связи с рассмотрением дела в арбитражном суде. В соответствии со ст. 110 АПК РФ судебные расходы, понесенные лицами, участвующими в деле, в пользу которых принят судебный акт взыскиваются арбитражным судом с проигравшей стороны, причем расходы взыскиваются арбитражным судом в разумных пределах. Почтовые расходы в общем размере 114 руб. 00 коп. истцом документально подтверждены, связаны с рассмотрением настоящего дела, в связи с чем, подлежат взысканию с ответчика в полном объеме. В соответствии со ст.ст. 102, 110 АПК РФ госпошлина по иску относится на сторон соответственно удовлетворенным исковым требованиям. С учетом изложенного, на основании ст.ст. 11, 12, 307, 309, 310, 314, 330, 331, 454, 486, 506-524 ГК РФ, руководствуясь ст.ст. 4, 9, , 65, 71, 75, 102, 110, 132, 176, 180, 181 АПК РФ, суд",частично,Чекмарева Наталия Алексеевна,Москва,{'гк': [333]}
"тельства встречного предоставления в виде предоставления подарочного сертификата истцу, который по своему усмотрению был использован истцом. Предъявляя к ответчику требование о взыскании задолженности, обусловленных неосмотрительными и неразумными действиями самого истца, истец фактически пытается переложить на ответчика собственные предпринимательские риски, что не предусмотрено действующим законодательством. Таким образом, основания для расторжения договора №0149730659-0001 от 05.12.2023 и взыскания неосновательного обогащения в размере 163 298 руб. с ответчика отсутствуют. С учетом изложенного, исковые требования истца являются недоказанными, необоснованными и удовлетворению не подлежат. В соответствии со ст. 110 АПК РФ расходы по госпошлине относятся на истца, поскольку требования, заявленные в иске, не обоснованы. На основании ст.ст. 11, 12, 309, 310, 450, 452, 453, 457, 487, 506, 1102, 1105 ГК РФ, руководствуясь ст.ст. 64, 65, 104, 110, 123, 156, 167-171, 176, 180, 181 АПК РФ суд",отказано,Чекмарева Наталия Алексеевна,Москва,{}
"счета 0,1% в день от размера невыполненного денежного обязательства, что по расчету истца составляет 159.711руб.57коп. за период с 04.10.2024 по 12.02.2025, и далее по день фактической оплаты . Размер неустойки судом проверен, признан правильным и соответствующим последствиям нарушения обязательства, в связи с чем подлежащим взысканию с ответчика в судебном порядке. Согласно п. 65. Постановления Пленума Верховного Суда РФ № 7 от 24.03.2016г. по смыслу статьи 330 ГК РФ, истец вправе требовать присуждения неустойки по день фактического исполнения обязательства (в частности, фактической уплаты кредитору денежных средств, передачи товара, завершения работ). Таким образом, суд приходит к выводу о начислении неустойки за период с 13.02.2025 по дату фактической оплаты долга. На основании ст. 110 АПК РФ расходы истца по оплате государственной пошлины относятся на ответчика. Руководствуясь ст. ст. 309, 310, 330, 486, 506, 516 ГК РФ, ст. ст. 65,70, 71, 75, 110, 123, 156, 167-171, 176 АПК РФ, суд",частично,Наталья Петровна,Москва,{}
"опущение взыскания несоразмерных нарушенному праву сумм, а также исходя из критериев разумности, соразмерности, учитывая сложность спора, суд считает, что сумма расходов на оплату услуг представителя подлежит частичному удовлетворению в размере 16 000 руб., а именно: - 8 000 руб. за составление искового заявления; - 8 000 руб. за участие представителя в судебном заседании. Истец оплатил государственную пошлину в размере 8 161 руб., что подтверждается платежными поручениями от 19.08.2024 № 386 на сумму 7 161 руб. и от 09.09.2024 № 416 на сумму 1 000 руб. 5 Согласно заявленным требованиям (208 072,63 + 22 458,67 = 230531,30) государственная пошлина подлежит уплате в размере 7 611 руб. Поскольку требования истца удовлетворены, то государственную пошлину необходимо взыскать с ответчика в пользу истца в размере 7 611 руб., а 550 руб. подлежат возврату из федерального бюджета (ст.110 АПК РФ). Руководствуясь статьями 110, 167-171, 176 Арбитражного процессуального кодекса Российской Федерации,",частично,Р.Ю. Савин,Краснодар,"{'апк': [110, 167, 168, 169, 170, 171, 176]}"
"ленный товар не оплачен, задолженность составила 27.368.301руб.20коп. и до настоящего времени им не погашена. Вопреки приведенным доводам ответчика по УПД №9ДТ от 29.09.2023, ответчик подписал спорный УПД без возражений. Обнаружив недопоставку, оно не уведомило незамедлительно об этом истца, не пригласил поставщика для составления акта как то, как сторонами согласовано в 2.4 договора, претензию предъявило лишь в 2024г., по истечении практически года после спорной поставки. 2 Учитывая изложенное, в действиях ответчика усматривается односторонний отказ от исполнения обязательств, что в соответствии со ст. 310 ГК РФ не допускается, следовательно, требование истца о взыскании задолженности в размере 27.368.301руб.20коп. является обоснованным и подлежит удовлетворению в судебном порядке. На основании ст. 110 АПК РФ расходы по оплате государственной пошлины относятся на ответчика. Руководствуясь ст. ст. 309, 310, 486, 506, 516 ГК РФ, ст. ст. 65,70,71, 110, 123, 156, 167- 171, 176 АПК РФ, суд",принято,Наталья Петровна,Москва,{}
"ный суд оценивает относимость, допустимость, достоверность каждого доказательства в отдельности, а также достаточность и взаимную связь доказательств в их совокупности. Исследовав и оценив представленные доказательства, исходя из предмета и оснований заявленных исковых требований, с учетом положений ст. 71 Арбитражного процессуального кодекса Российской Федерации, суд приходит к выводу, что требования истца подлежат удовлетворению в части. В соответствии со ст.ст. 102 и 110 АПК РФ госпошлина по иску относится на ответчика. Согласно п. 9 Постановления Пленума ВАС РФ от 20.03.1997 г. № 6 при уменьшении арбитражным судом размера неустойки на основании статьи 333 Гражданского кодекса Российской Федерации расходы истца по государственной пошлине подлежат возмещению ответчиком, исходя из суммы неустойки, которая подлежала бы взысканию без учета ее уменьшения. С учетом изложенного, на основании ст.ст. 307, 309, 310, 330 ГК РФ, руководствуясь ст.ст. 102, 110, 167-171, 176, 180, 181 АПК РФ, суд",отказано,Жданова Ю.А,Москва,{'гк': [333]}
"нных исковых требований. Исковые требования удовлетворены судом частично с учетом снижения неустойки на основании статьи 333 ГК РФ. В соответствии с абзацем 3 пункта 9 постановления Пленума Высшего Арбитражного Суда Российской Федерации от 22.12.2011 № 81 «О некоторых вопросах применения статьи 333 ГК РФ» если размер заявленной неустойки снижен арбитражным судом по правилам статьи 333 ГК РФ на основании заявления ответчика, расходы истца по государственной пошлине не возвращаются в части сниженной суммы из бюджета и подлежат возмещению ответчиком исходя из суммы неустойки, которая подлежала бы взысканию без учета ее снижения. Учитывая, что требования истца были удовлетворены частично, суд взыскивает с истца в пользу ответчика судебные расходы в размере, пропорциональном удовлетворенным требованиям, а именно: 72 000 руб. (79,5% от 90 566 руб. (30 000 руб. + 60 566 руб.)). Руководствуясь статьями 110, 167-171, 176 Арбитражного процессуального кодекса Российской Федерации, арбитражный суд",частично,Музюкин Денис Викторович,Барнаул,"{'апк': [49, 110, 167, 168, 169, 170, 171, 176, 227], 'гк': [333, 421]}"
"вании изложенного, исковые требования подлежат удовлетворению в полном объеме. Согласно статье 168 Арбитражного процессуального кодекса Российской Федерации при принятии решения арбитражным судом суд решает вопрос о распределении судебных расходов. В соответствии со статьей 101 Арбитражного процессуального кодекса Российской Федерации судебные расходы состоят из государственной пошлины и судебных издержек. Согласно статье 110 Арбитражного процессуального кодекса Российской Федерации, судебные расходы, понесенные лицами, участвующими в деле, в пользу которых принят судебный акт, взыскиваются арбитражным судом со стороны. При подаче иска Истец оплатил государственную пошлину в сумме 2000,00 руб. платежным поручением №71490 от 28.08.2024г. Государственная пошлина от уточненных исковых требований составляет 2000,00 руб. и подлежит взысканию с ответчика в пользу истца. Руководствуясь статьями п.4 части 1 статьи 148, 110, 167-171 Арбитражного процессуального кодекса Российской Федерации, суд",отказано,Павлова Наталья Владимировна,Саратов,"{'апк': [9, 65, 101, 110, 148, 167, 168, 169, 170, 171, 177], 'гк': [1, 8, 307, 309, 310, 421, 426]}"
"дом рассмотрено и отклонено. В соответствии с частью 1 статьи 110 АПК РФ судебные расходы, понесенные лицами, участвующими в деле, в пользу которых принят судебный акт, взыскиваются арбитражным судом со стороны. В рассматриваемом случае судебный акт принят не в пользу ОАО «Рыбинская городская электросеть», в связи с чем понесенные им судебные расходы возмещению не подлежат. На основании статьи 110 АПК РФ судебные расходы по уплате государственной пошлины относятся на ОАО «Рыбинская городская электросеть». Излишне уплаченная государственная пошлина подлежит возврату истцу из бюджета. Сторонам разъясняется, что решение, выполненное в форме электронного документа, направляется лицам, участвующим в деле, посредством его размещения на официальном сайте арбитражного суда в информационно-телекоммуникационной сети «Интернет» в режиме ограниченного доступа (часть 1 статьи 177 АПК РФ). Руководствуясь статьями 110, 167-170 Арбитражного процессуального кодекса Российской Федерации, арбитражный суд",отказано,Анастасия Григорьевна,Ярославль,"{'апк': [49, 110, 167, 168, 169, 170], 'гк': [8, 1064]}"
"ваний. Ответчик в судебное заседание не явился, письменного отзыва в нарушение положений статьи 131 АПК РФ в материалы дела не представил. Учитывая, что требования Истца обоснованы, документально подтверждены, исковые требования подлежат удовлетворению в полном объеме. В соответствии с частью 1 статьи 110 Арбитражного процессуального кодекса Российской Федерации судебные расходы, понесенные лицами, участвующими в деле, в пользу которых принят судебный акт, взыскиваются арбитражным судом со стороны. Согласно статье 101 Арбитражного процессуального кодекса Российской Федерации судебные расходы состоят из государственной пошлины и судебных издержек, связанных с рассмотрением дела арбитражным судом. В связи с удовлетворением исковых требований, с ответчика в пользу истца подлежат взысканию судебные расходы по оплате государственной пошлины в размере 46505,00 руб., оплаченные Истцом по платежному поручению №75420 от 03.10.2024г. Руководствуясь 101-106,110, 167-171, 176, 180, 181 АПК РФ, суд",частично,Павлова Наталья Владимировна,Саратов,"{'апк': [65, 71, 101, 110, 121, 123, 124, 131, 156, 177], 'гк': [428, 824, 831]}"
"000 руб. Принимая во внимание, что требование судебного пристава-исполнителя о предоставлении информации подлежит безусловному исполнению со стороны лиц, которым это требование направлено, суд полагает что в данной ситуации имеются противоправные действия Банка, а также причинно-следственная связи между противоправными действиями и возникшими убытками Учитывая изложенное, иск подлежит удовлетворению в части взыскания с ПАО «Сбербанк» убытков в размере 31000 рублей в пользу ООО «СТРОЙГАРАНТ». Расходы по уплате госпошлины, в соответствии со статьей 110 АПК РФ, распределяются пропорционально удовлетворенным требованиям Решение, выполненное в форме электронного документа, направляется лицам, участвующим в деле, посредством его размещения в установленном порядке в информационно-телекоммуникационной сети «Интернет» в режиме ограниченного доступа (ч.1 ст.177 АПК РФ). Руководствуясь статьями 110, 167-170 Арбитражного процессуального кодекса Российской Федерации, арбитражный суд А82-3689/2024 7",отказано,Наталья Леонидовна,Ярославль,"{'гк': [15, 327, 1069], 'апк': [110, 167, 168, 169, 170]}"
" взносов, пеней, штрафов, процентов, подлежащих уплате в соответствии с законодательством о налогах и сборах. Таким образом, недоимка, задолженность по налогам, страховым взносам и штрафам, на наличие которой Общество ссылается и просит признать ее безнадежной ко взысканию, отсутствует. Поскольку спорная задолженность отсутствует, следовательно ее невозможно признать безнадежной ко взысканию. Аналогичная позиция изложена в постановлении Арбитражного суда Северо- Кавказского округа от 31.01.2024 по делу № А15-7547/2022. Исследовав обстоятельства дела и оценив в соответствии со статьей 71 АПК РФ представленные сторонами доказательства, учитывая перечисленные выше нормы права, а также обстоятельства данного дела и представленные по нему доказательства, арбитражный суд приходит к выводу о том, что заявленные истцом исковые требования 10 удовлетворению не подлежат в полном объеме. Руководствуясь статьями 167-170, 176 Арбитражного процессуального кодекса Российской Федерации, арбитражный суд",частично,Музюкин Денис Викторович,Барнаул,"{'нк': [32, 59], 'апк': [156, 167, 168, 169, 170, 176]}"
"соответствуют действительности. Доказательств, свидетельствующих об отсутствии вины ответчика, в материалы дела не представлено. При изложенных обстоятельствах, учитывая, что ООО «Алтай» не представлены доказательства принятия мер для надлежащего исполнения обязательств по Договору, а также того, что надлежащее исполнение оказалось невозможным вследствие непреодолимой силы, суд пришел к выводу о наличии оснований для взыскания штрафа в размере 624 000 руб. Представленный истцом расчет штрафа документально не опровергнут, судом проверен и признан верным. При таких обстоятельствах суд признает исковые требования ООО «ТК «Парк» обоснованными и подлежащими удовлетворению в полном объеме. Истцом при обращении в арбитражный суд была уплачена государственная пошлина в размере 15 480 руб., расходы по уплате которой на основании части 1 статьи 110 АПК РФ суд относит на ответчика. Руководствуясь статьями 110, 167-171, 176 Арбитражного процессуального кодекса Российской Федерации, арбитражный суд",принято,Музюкин Денис Викторович,Барнаул,"{'апк': [110, 167, 168, 169, 170, 171, 176, 228], 'гк': [779]}"
"7 Налогового кодекса Российской Федерации от уплаты государственной пошлины по делам, рассматриваемым арбитражными судами, освобождаются государственные органы, органы местного самоуправления, выступающие в качестве истцов или ответчиков. Следовательно, Администрация как орган местного самоуправления освобождена от уплаты государственной пошлины. 11 В пункте постановления Пленума Высшего Арбитражного Суда Российской Федерации от 11.07.2014 N 46 ""О применении законодательства о государственной пошлине при рассмотрении дел в арбитражных судах"" разъяснено, что согласно подпункту 2 пункта 2 статьи 333.17 НК РФ ответчики признаются плательщиками государственной пошлины в случае, если решение суда принято не в их пользу и истец освобожден от ее уплаты. При таких обстоятельствах государственная пошлина в размере 18 468 руб. подлежит взысканию с ответчика в доход федерального бюджета Руководствуясь статьями 167-171, 176 Арбитражного процессуального кодекса Российской Федерации, арбитражный суд",принято,Музюкин Денис Викторович,Барнаул,"{'апк': [71, 167, 168, 169, 170, 171, 176]}"
"ью соразмерного удовлетворения требований кредиторов. В силу специфики своей профессиональной деятельности арбитражный управляющий обязан знать требования нормативных актов, регулирующих такую деятельность, обязан предпринять все зависящие от него меры по соблюдению требований нормативных актов и предвидеть возможность наступления последствий при ненадлежащем исполнении требований законодательства. В рассматриваемом случае, суд не усматривает оснований для применения положений статьи 2.9 КоАП РФ, поскольку данные обстоятельства свидетельствуют о пренебрежительном отношении арбитражного управляющего к исполнению своих публично-правовых обязанностей. Вместе с тем, учитывая устранение выявленного нарушения и фактические обстоятельства дела в качестве меры ответственности суд полагает возможным применить предупреждение, что соответствует минимальной санкции ч.3 ст. 14.13 КоАП РФ. Руководствуясь статьями 167-170, 206 Арбитражного процессуального кодекса Российской Федерации, арбитражный суд",отказано,Мария Сергеевна,Ярославль,"{'апк': [167, 168, 169, 170, 206, 318, 319]}"
" установленную законом ответственность. В целях реализации прав и свобод гражданина-должника в рамках своей процедуры и распространения норм равноправия по сведениям, составляющим семейную, коммерческую, банковскою, налоговою и личную тайну как самого должника, а также членов его семьи, в том числе и бывших супругов во взаимосвязи с применяемой судебной практикой (Обзор судебной практики Верховного суда Российской Федерации, от 07.04.2021), суд считает необходимым наделить правом финансового управляющего в рамках исполнения пункта 7 статьи 213.26 Закона о банкротстве истребовать необходимую информацию о должнике и членах его семьи из государственных органов, юридических лиц, и органов местного самоуправления, осуществляющих учет А43-674/2025 5 имущественных прав. На основании изложенного и руководствуясь статьями 52, 213.24 Федерального закона от 26.10.2002 № 127-ФЗ «О несостоятельности (банкротстве)», статьями 167-170, 180 Арбитражного процессуального кодекса Российской Федерации, суд",принято,Ксения Владимировна,Нижний,"{'апк': [156, 167, 168, 169, 170, 180], 'ск': [34]}"
"емом судом случае, начальная цена заложенного имущества определена вступившим в законную силу судебным актом по делу №А40- 205388/2023. Доказательств оспаривание должником начальной цены материалы дела не содержат. Следовательно, оснований для определения иного размера начальной продажи цены имущества, чем установлено решением Арбитражного суда г. Москвы от 04.12.2023 в деле №А40-205388/2023, привлечения оценщика для определения рыночной стоимости имущества, подлежащего реализации у судебного пристава-исполнителя, не имелось. При изложенных обстоятельствах, у суда отсутствуют основания для удовлетворения заявленных требований. Решение, выполненное в форме электронного документа, направляется лицам, участвующим в деле, посредством его размещения в установленном порядке в информационно-телекоммуникационной сети «Интернет» в режиме ограниченного доступа (ч.1 ст.177 АПК РФ). Руководствуясь статьями 110, 167-170, 201 Арбитражного процессуального кодекса Российской Федерации, арбитражный суд",отказано,Ирина Викторовна,Ярославль,"{'апк': [110, 167, 168, 169, 170, 201]}"
" в отношении содержания общедомового имущества. Предписание содержит четкие формулировки, ссылки на общие требования минимального перечня не свидетельствуют о недействительности предписания, поскольку порядок и способ устранения нарушения избирает лицо, в адрес которого выдано предписание . Предписание содержит четкое описание нарушений и требование об их устранении, доказательств невозможности исполнения предписания заявителем не представлено, как и не представлено доказательств невозможности устранения нарушений, в установленный срок. При изложенных обстоятельствах, у суда отсутствуют основания для удовлетворения заявленных. Решение, выполненное в форме электронного документа, направляется лицам, участвующим в деле, посредством его размещения в установленном порядке в информационно-телекоммуникационной сети «Интернет» в режиме ограниченного доступа (ч.1 ст.177 АПК РФ). Руководствуясь статьями 110, 167-170, 201 Арбитражного процессуального кодекса Российской Федерации, арбитражный суд",отказано,Наталья Леонидовна,Ярославль,"{'жк': [45, 161, 162, 193, 198], 'апк': [110, 167, 168, 169, 170, 201]}"
"х и нежилых помещений, следовательно, надлежащим ответчиком по делу о взыскании долга за предоставленные услуги за спорный период является Комитет. Отсутствие доказательств оплаты долга в пользу ресурсоснабжающих организаций не является основанием для освобождения собственника помещений от обязательств по внесению платы за потребленные коммунальные ресурсы. С учетом изложенного, исковые требования в части взыскания задолженности в размере 148 139 руб. 83 коп. являются обоснованными и подлежат удовлетворению. Вопрос о взыскании судебных расходов по уплате государственной пошлины судом не рассматривался, поскольку при обращении в арбитражный суд истцу предоставлена отсрочка по уплате государственной пошлины, а согласно подпункту 1.1 пункта 1 статьи 333.37 Налогового кодекса Российской Федерации органы местного самоуправления, освобождены от уплаты государственной пошлины. Руководствуясь статьями 49, 110, 167-171, 176, 180-181 Арбитражного процессуального кодекса Российской Федерации, суд",принято,Анна Витальевна,Сыктывкар,"{'апк': [49, 66, 110, 167, 168, 169, 170, 171, 176, 180, 181], 'жк': [36, 37]}"
"отрении дел об административных правонарушениях» в случае принятия арбитражным судом решения об отмене постановления о прекращении производства по делу об административном правонарушении или определения об отказе в возбуждении дела об административном правонарушении материалы дела о соответствующем административном правонарушении направляются административному органу, постановление (определение) которого было отменено, для рассмотрения. Определение об отказе в возбуждении дела об административном правонарушении в связи с его отменой утрачивает силу, следовательно, у административного органа существует неисполненная им обязанность рассмотреть 11 заявление о возбуждении дела об административном правонарушении и приложенные материалы в установленном порядке после вступления в законную силу настоящего решения. Руководствуясь статьями 67, 68, 71, 167-170, 176, 180, 181, 211 Арбитражного процессуального кодекса Российской Федерации, Арбитражный суд Ханты-Мансийского автономного округа – Югры",принято,Елена Анатольевна,Ханты-Мансийск,"{'апк': [51, 67, 68, 71, 123, 156, 163, 167, 168, 169, 170, 176, 180, 181, 207, 211, 288]}"
" установленную законом ответственность. В целях реализации прав и свобод гражданина-должника в рамках своей процедуры и распространения норм равноправия по сведениям, составляющим семейную, коммерческую, банковскою, налоговою и личную тайну как самого должника, а также членов его семьи, в том числе и бывших супругов во взаимосвязи с применяемой судебной практикой (Обзор судебной практики Верховного суда Российской Федерации, от 07.04.2021), суд считает необходимым наделить правом финансового управляющего в А43-185/2025 5 рамках исполнения пункта 7 статьи 213.26 Закона о банкротстве истребовать необходимую информацию о должнике и членах его семьи из государственных органов, юридических лиц, и органов местного самоуправления, осуществляющих учет имущественных прав. На основании изложенного и руководствуясь статьями 52, 213.24 Федерального закона от 26.10.2002 № 127-ФЗ «О несостоятельности (банкротстве)», статьями 167-170, 180 Арбитражного процессуального кодекса Российской Федерации, суд",принято,Ксения Владимировна,Нижний,"{'апк': [156, 167, 168, 169, 170, 180], 'ск': [34]}"
"признания за ним права собственности в силу приобретательной давности. По смыслу статей 225 и 234 Гражданского кодекса Российской Федерации право собственности в силу приобретательной давности может быть приобретено на имущество, принадлежащее на праве собственности другому лицу, а также на бесхозяйное имущество (пункт 16 Постановления Пленума Верховного Суда РФ № 10, Пленума ВАС РФ № 22 от 29.04.2010 «О некоторых вопросах, возникающих в судебной практике при разрешении споров, связанных с защитой права собственности и других вещных прав»). В силу изложенного, исковые требования подлежат удовлетворению. Территориальное управление Федерального агентства по управлению государственным имуществом в Республике Коми, являясь номинальным ответчиком по заявленным исковым требованиям, не нарушая прав и законных интересов истца, не несет обязанность по оплате государственной пошлины. Руководствуясь статьями 110, 167-170, 176, 180-181 Арбитражного процессуального кодекса Российской Федерации, суд",отказано,Анна Витальевна,Сыктывкар,"{'апк': [110, 136, 167, 168, 169, 170, 176, 180, 181], 'гк': [61, 63, 209, 218, 219, 234, 235, 236]}"
" в отношении содержания общедомового имущества. Предписание содержит четкие формулировки, ссылки на общие требования минимального перечня не свидетельствуют о недействительности предписания, поскольку порядок и способ устранения нарушения избирает лицо, в адрес которого выдано предписание . Предписание содержит четкое описание нарушений и требование об их устранении, доказательств невозможности исполнения предписания заявителем не представлено, как и не представлено доказательств невозможности устранения нарушений, в установленный срок. При изложенных обстоятельствах, у суда отсутствуют основания для удовлетворения заявленных. Решение, выполненное в форме электронного документа, направляется лицам, участвующим в деле, посредством его размещения в установленном порядке в информационно-телекоммуникационной сети «Интернет» в режиме ограниченного доступа (ч.1 ст.177 АПК РФ). Руководствуясь статьями 110, 167-170, 201 Арбитражного процессуального кодекса Российской Федерации, арбитражный суд",отказано,Наталья Леонидовна,Ярославль,"{'жк': [45, 161, 162, 193, 198], 'апк': [110, 167, 168, 169, 170, 201]}"
"документам ответчик не представил. Доказательств оплаты ответчик в материалы дела не представил. В соответствии со ст.ст. 309-310 ГК РФ обязательства должны исполняться надлежащим образом в соответствии с условиями обязательства и требованиями закона. Односторонний отказ от исполнения обязательства и одностороннее изменение его условий не допускаются. Ответчик сумму долга не оспорил, контррасчет суммы задолженности не представил, доводы истца не опроверг, своевременность оплаты не доказал. Обстоятельства наличия задолженности перед истцом ответчик не оспорил и документально не опроверг. Согласно ч.2 ст.9 АПК РФ лица, участвующие в деле, несут риск наступления последствий совершения или не совершения ими процессуальных действий. Таким образом, суд приходит к выводу, что иск подлежит удовлетворению. Судебные расходы, согласно ст. 110 АПК РФ, относятся на ответчика. На основании вышеизложенного, руководствуясь ст. ст. 307 - 310, 330, 333 ГК РФ, ст. ст. 110, 123, 156, 167 - 171 АПК РФ, суд",отказано,Виктор Эдуардович,Москва,{}
"воинская часть Вооруженных Сил Российской Федерации могут являться юридическим лицом в форме федерального казенного учреждения. В соответствии с ч. 1 ст. 123.22. ГК РФ государственное или муниципальное учреждение может быть казенным, бюджетным или автономным учреждением. Пунктом 4 названной статьи предусмотрено, что казенное учреждение отвечает по своим обязательствам находящимися в его распоряжении денежными средствами. Согласно выписке из Единого государственного реестра юридических лиц Федеральное казенное учреждение «Объединенное стратегическое командование Южного военного округа» является юридическим лицом. Таким образом, Министерство обороны Российской Федерации является ненадлежащим ответчиком по настоящему делу, в связи с чем основания для удовлетворения исковых требований отсутствуют. На основании ст. 110 АПК РФ расходы по оплате государственной пошлины относятся на истца. Руководствуясь ст.ст. 309, 310, 929, 931, 965, 1079 ГК РФ, ст.ст. 110, 123, 156, 167-171, 176 АПК РФ, суд",отказано,Артур Георгиевич,Москва,{'гк': [15]}
" организацией, индивидуальным предпринимателем, а равно некоммерческой организацией, нарушившей обязательство при осуществлении ею приносящей доход деятельности, допускается в исключительных случаях, если она явно несоразмерна последствиям нарушения обязательства и может повлечь получение кредитором необоснованной выгоды (пункты 1 и 2 статьи 333 ГК РФ). Ответчиком не представлено доказательств явной несоразмерности заявленной истцом к взысканию неустойки последствиям нарушения обязательства, в связи с чем суд не усматривает правовых оснований для применения положений ст. 333 ГК РФ и снижения неустойки. В связи с изложенным, заявленные требования являются правомерными и обоснованными, в связи с чем, подлежат удовлетворению в полном объеме. Расходы по оплате государственной пошлины по иску распределяются в порядке ст. 110 Арбитражного процессуального кодекса Российской Федерации. На основании изложенного и руководствуясь ст.ст. 110, 123, 156, 167, 168, 169, 170, 171, 176, 177 АПК РФ, суд",отказано,Светлана Сергеевна,Москва,{'апк': [227]}
" размере 20% от неуплаченной суммы. Согласно расчету истца, размер штрафа в силу п. 4.3 договора составляет 55 635,43 руб. 4 Суд приходит к выводу о том, что требование о взыскании штрафа в размере 55 635,43 руб. подлежит удовлетворению. Таким образом, заявленные исковые требования подлежат удовлетворению в полном объёме. Также истцом заявлено о взыскании почтовых расходов в размере 744,08 руб. Истцом в рамках дела были понесены расходы на направление ответчику досудебной претензии и искового заявления на адрес, предусмотренный договором для корреспонденции, которые составили 744,08 руб. Почтовые расходы в указанном размере подтверждены представленными в материалы дела почтовыми квитанциями и подлежат удовлетворению в полном объеме, применительно к положениям ст. ст. 101, 106, 110 АПК РФ. Расходы по оплате государственной пошлины распределены в порядке статьи 110 АПК РФ. Руководствуясь ст. ст. 4, 9, 27, 41, 63 - 65, 71, 110, 121, 122, 123, 131, 167 - 171, 176, 180, 181, 226-229 АПК РФ,",частично,А.Э. Михайлова,Москва,{}
"07 рублей. Ответчиком внесены денежные средства на депозит суда платежным поручением № 55 от 25.03.2024 в размере 100 000 рублей. Определением Арбитражного суда г. Москвы от 18.02.2025 перечислены АНО ""СУДЕБНЫЙ ЭКСПЕРТ"" (ИНН 7743109219) денежные средства в размере 198 180 руб. по счету от 14.10.2024 № А000412/24, поступившие по платежному поручению № 17147 от 15.02.2024, по платежному поручению № 55 от 25.03.2024. Поскольку рассмотрение настоящего дела завершилось принятием судебного акта об отказе в удовлетворении исковых требований в части взыскании убытков в размере 1 382 971 руб. 28 коп., судебные расходы на оплату экспертизы, понесенные ответчиком, подлежат возмещению истцом в размере 100 000 руб. Возражения истца, что экспертиза проведена по инициативе ответчика, и следовательно расходы должны быть понесены ИП ТУРОВЕЦКИМ В.Н., с противоречат требования ст.ст.110-112 АПК РФ С учетом изложенного, руководствуясь ст. ст. 4, 9, 27, 110, 176 Арбитражного процессуального кодекса РФ, суд",принято,Е.В.Михайлова,Москва,{}
"бстоятельства дела, которые согласно закону, должны быть подтверждены определенными доказательствами, не могут подтверждаться в арбитражном суде иными доказательствами. Достаточность доказательств можно определить как наличие необходимого количества сведений, достоверно подтверждающих те или иные обстоятельства спора. Отсутствие хотя бы одного из указанных признаков является основанием не признавать требования лица, участвующего в деле, обоснованными (доказанными). Изучив материалы дела, руководствуясь требованиями действующего законодательства, оценив в совокупности представленные сторонами доказательства, суд приходит к выводу о том, что исковые требования акционерного общества Интесс СА (Швейцария) подлежат удовлетворению в полном объеме. В соответствии со статьей 110 АПК РФ расходы по оплате государственной пошлины суд относит на ответчика. Руководствуясь статьями 16, 17, 28, 102, 110, 167-171, 176, 318, 319 Арбитражного процессуального кодекса Российской Федерации, арбитражный суд",принято,Анна Николаевна,Москва,"{'гк': [8], 'апк': [16, 17, 28, 68, 102, 110, 167, 168, 169, 170, 171, 176, 318, 319]}"
"тации зданий), поскольку в соответствии с частями 1 и 2 статьи 32.12 КоАП РФ и частью 2 статьи 109 Федерального закона от 02.10.2007 №229-ФЗ ""Об исполнительном производстве"" меры по обеспечению исполнения указанных в постановлении мероприятий применяются судебными приставами- исполнителями и выбираются ими самостоятельно. Учитывая вышеприведенные нормы права с учетом разъяснений Верховного суда Российской Федерации, установленные по делу обстоятельства, суд приходит к выводу о наличии оснований для применения к обществу меры ответственности в виде административного приостановления деятельности по строительству объекта капитального строительства - «Проектирование и строительство жилого корпуса «Дом-интернат для престарелых и инвалидов городского округа Самара», расположенного по адресу: Самарская область, г. Самара, Промышленный район, Просека 8 сроком на 10 суток. Руководствуясь ст. ст. 167-170, 176, 180-181, 206 Арбитражного процессуального кодекса Российской Федерации, арбитражныйсуд",принято,Виктория Вячеславовна,Самара,{'гк': [2]}
" РФ от 02.06.2004 №10 «О некоторых вопросах, возникших в судебной практике при рассмотрении дел об административных правонарушениях» установив в судебном заседании факт истечения срока давности привлечения к ответственности, суд, руководствуясь частью 6 статьи 205 и частью 2 статьи 206 АПК РФ, принимает решение об отказе в удовлетворении требования административного органа о привлечении к административной ответственности. Учитывая изложенные обстоятельства, суд установил наличие оснований для отказа в удовлетворении заявления и прекращения производства по делу об административном правонарушении. В соответствии с частью 2 статьи 204 Арбитражного процессуального кодекса Российской Федерации заявление о привлечении к административной ответственности государственной пошлиной не облагается, в связи с чем вопрос о ее распределении судом не рассматривается. Руководствуясь статьями 167-170, 176, 206 Арбитражного процессуального кодекса Российской Федерации, Арбитражный суд Республики Татарстан",отказано,Лариса Валерьевна,Казань,"{'апк': [167, 168, 169, 170, 176, 204, 206]}"
"ствами взимаются по день уплаты суммы этих средств кредитору, если законом, иными правовыми актами или договором не установлен для начисления процентов более короткий срок. Таким образом, данное требование истца подлежит частичному удовлетворению в сумме 3 171 руб. 67 коп. процентов за пользование чужими денежными средствами за период с 18.01.2022 по 31.03.2022 и со 02.10.2022 по 26.02.2025. Проценты за пользование чужими денежными средствами за период с 27.02.2025 по день фактической оплаты суммы А79-9497/2024 9 долга – 8974 руб. 44 коп., также подлежат начислению по ключевой ставке Банка России, действовавшей в соответствующие периоды. На основании изложенного, иск подлежит частичному удовлетворению. Вопрос о взыскании государственной пошлины судом не рассматривается, поскольку стороны от ее уплаты освобождены в соответствии со статьей 333.37 Налогового кодекса Российской Федерации. Руководствуясь статьями 110, 167 – 170, 176 Арбитражного процессуального кодекса Российской Федерации,",частично,ОКСАНА АНАТОЛЬЕВНА,Чебоксары,"{'зк': [1, 3, 22, 65], 'гк': [125, 195, 199, 200, 202, 207, 309, 310, 395, 424, 606, 614, 1102, 1105, 1107], 'апк': [65, 69], 'нк': [75]}"
"ено. Проанализировав доказательства по правилам статьи 71 Арбитражного процессуального кодекса Российской Федерации, суд полагает возможным в удовлетворении иска отказать. (Аналогичный правовой подход содержится в постановлении Арбитражного суда Центрального округа от 16.05.2017 № Ф10-1419/2017 по делу № А14-3546/2016, постановлении Арбитражного суда Западно-Сибирского округа от 22.01.2025 № Ф04- 5729/2024 по делу № А45-15927/2023.) В соответствии с частью 1 статьи 110 Арбитражного процессуального кодекса Российской Федерации судебные расходы, понесенные лицами, участвующими в деле, в пользу которых принят судебный акт, взыскиваются арбитражным судом со стороны. При обращении в суд истцом была оплачена государственная пошлина в размере 6000 руб. (л.д. 18, 19). По результатам рассмотрения настоящего дела судебные расходы по оплате государственной пошлины относятся на истца. Руководствуясь статьями 110, 112, 167-170, 180, 181 Арбитражного процессуального кодекса Российской Федерации, суд",отказано,Никонова Наталья Владимировна,Липецк,"{'гк': [150], 'апк': [71, 110, 112, 167, 168, 169, 170, 180, 181]}"
"22 № 474 «О некоторых особенностях регулирования жилищных отношений в 2022 - 2024 годах». Согласно статье 333 ГК РФ, если подлежащая уплате неустойка явно несоразмерна последствиям нарушения обязательства, суд вправе уменьшить неустойку. Если обязательство нарушено лицом, осуществляющим предпринимательскую деятельность, суд вправе уменьшить неустойку при условии заявления должника о таком уменьшении. Основания для уменьшения размера заявленной к взысканию неустойки в настоящем случае отсутствуют. С учетом положений части 1 статьи 110 АПК РФ с Предпринимателя в пользу Компании подлежит взысканию 10 189 руб. расходов по уплате государственной пошлины по иску. Излишне уплаченные Компанией 164 руб. государственной пошлины в соответствии с положениями статьи 333.40 Налогового кодекса Российской Федерации подлежат возврату из федерального бюджета. На основании вышеизложенного, руководствуясь статьями 110, 167-170, 171 Арбитражного процессуального кодекса Российской Федерации, арбитражный суд",принято,Станислав Иванович,Санкт-Петербург,"{'апк': [110, 167, 168, 169, 170, 171, 228]}"
"бжающей организации (теплоснабжающей организации) пени в размере одной стотридцатой ставки рефинансирования Центрального банка Российской Федерации, действующей на день фактической оплаты, от не выплаченной в срок суммы за каждый день просрочки начиная со следующего дня после дня наступления установленного срока оплаты по день фактической оплаты. Расчет пени судом проверен, признан арифметически верным, ответчиком не оспорен. Оснований для снижения неустойки в силу статьи 333 Гражданского кодекса Российской Федерации, суд не усматривает. Таким образом, требование истца о взыскании пени подлежит удовлетворению в размере 31 рубля 26 копеек за период 10.11.2024 по 12.12.2024. Судебные расходы по уплате государственной пошлины распределяются в соответствии с правилами статьи 110 Арбитражного процессуального кодекса Российской Федерации. На основании изложенного, руководствуясь статьей 110, частью 5 статьи 170, статьей 130, 159, 229 Арбитражного процессуального кодекса Российской Федерации,",отказано,Л.Н. Морозова,Новосибирск,"{'апк': [4, 9, 41, 65, 70, 71, 110, 130, 159, 229], 'гк': [8, 12, 209, 210, 307, 309, 310, 329, 330, 333, 408, 438, 539, 544]}"
"бретатель узнал или должен был узнать о неосновательности получения или сбережения денежных средств. На основании этой нормы с ответчика также подлежат взысканию проценты за пользование чужими денежными средствами, начисленные за период с 17 октября 2023 года по 09 июля 2024 года в размере в размере 37 072 рубля, согласно представленному истцом расчету (л.д. 32. 75). При подаче иска истец оплатил государственную пошлину в размере 10 231 рубль (л.д. 8-9, 48-50), хотя, исходя из размера заявленных требований, должен был оплатить 10 222 рубля, в связи с чем подлежит возврату истцу пошлина в размере 9 рублей. В остальной части, в соответствии со статьями 110 и 111 Арбитражного процессуального кодекса Российской Федерации, статьей 333.21 Налогового кодекса Российской Федерации, государственная пошлина взыскивается с ответчика в пользу истца. А70-16754/2024 3 На основании вышеизложенного, руководствуясь статьями 110, 167-171, 181-182 Арбитражного процессуального кодекса Российской Федерации,",принято,Лоскутов Владимир Владимирович,Тюмень,"{'апк': [110, 167, 168, 169, 170, 171, 181, 182, 227], 'гк': [702, 1102, 1103, 1107]}"
"ванной налоговой экономии путем завышения налоговых вычетов по НДС, при отсутствии реальных сделок с контрагентами ООО «Эковтор», ООО НП «Канал», ООО «Зинтер», ООО «Экофасад», ООО «Парус», ООО «Ясень», ООО «Тандем» чем нарушены положения статей 169, 171, 172, 54.1 НК РФ, и опровергают доводы Заявителя о недоказанности налоговым органом фактов нереальности сделок со спорными контрагентами. Учитывая изложенное, решение о привлечении к ответственности за совершение налогового правонарушения от 17.05.2024 №2896 является законным и обоснованным. В силу ч. 1 ст. 110 АПК РФ судебные расходы, понесенные лицами, участвующими в деле, в пользу которых принят судебный акт, взыскиваются арбитражным судом со стороны. Поскольку в удовлетворении заявленных требований отказано, то судебные расходы, понесённые заявителем на оплату государственной пошлины не подлежат взысканию с ответчика. Руководствуясь статьями 110, 167-170, 201 Арбитражного процессуального кодекса Российской Федерации, арбитражный суд",частично,Карасев Владимир Владимирович,Орел,"{'апк': [110, 163, 167, 168, 169, 170, 201], 'нк': [165]}"
" с ответчика 1 408 661,67 руб. неосновательного обогащения вследствие их неправомерного удержания и уклонения от их возврата, а ответчиком не представлено доказательств возврата денежных средств либо совершения действия взамен, то право истца на начисление процентов законно и обоснованно. В силу изложенного, суд признает заявленные требования в указанной части подлежащими удовлетворению за период с 04.11.2023 по 01.12.2024 в размере 256 384,97 руб. Государственная пошлина с суммы требований 1 665 046,64 руб. – 29 650 руб. Истцом при подаче искового заявления уплачена государственная пошлина в размере 24 526 руб. платежным поручением № 2599 от 06.08.2024. На основании статьи 110 АПК РФ расходы по уплате государственной пошлины в размере 24 526 руб. подлежат взысканию с ответчика в пользу истца, государственная пошлина 5 124 руб. подлежит взысканию с ответчика в доход федерального бюджета. Руководствуясь ст. 110, 167-170, 180 Арбитражного процессуального кодекса Российской Федерации, суд",отказано,Светлана Алексеевна,Благовещенск,"{'апк': [65, 176], 'гк': [711, 753, 1102], 'жк': [154, 155, 158, 161, 162]}"
"я им процессуальных действий в соответствии со ст. 9 АПК РФ. Учитывая отсутствие контррасчета ответчика, проверив расчет истца, суд считает его составленным арифметически и методически не верно. По расчету суда истец имеет право на взыскание пени в большем размере. Поскольку суд не вправе выходить за пределы исковых требований, увеличивая тем самым сумму исковых требований, с ответчика в пользу истца подлежит взысканию пени в размере 92 320 руб. 99 коп., подлежат удовлетворению в полном объеме. В соответствии со статьей 110 АПК РФ судебные расходы, понесенные лицами, участвующими в деле, в пользу которых принят судебный акт, взыскиваются арбитражным судом со стороны. На основании изложенного, расходы по оплате госпошлины следует отнести на ответчика с учетом произведенных оплат как до, так и после обращения истца в суд с настоящим иском и удовлетворения уточненных исковых требований. Руководствуясь ст.ст. 9, 49, 65, 71, 110, 137, 150, 156, 159, 167-170, 171, 176 АПК РФ, арбитражный суд",частично,М.М. Данько,Краснодар,{'апк': [137]}
"ом суде, отнесены денежные суммы, подлежащие выплате экспертам, специалистам, свидетелям, переводчикам, расходы, связанные с проведением осмотра доказательств на месте, расходы на оплату услуг адвокатов и иных лиц, оказывающих юридическую помощь (представителей), расходы юридического лица на уведомление о корпоративном споре в случае, если федеральным законом предусмотрена обязанность такого уведомления, и другие расходы, понесенные лицами, участвующими в деле, в связи с рассмотрением дела в арбитражном суде. Вышеназванные расходы непосредственно связаны с рассмотрением настоящего дела, необходимы, обоснованы и подтверждены документально. Таким образом, 110 руб. расходов на приобретение товара, 132 руб. почтовых расходов, 200 руб. расходов на получение выписки ЕГРИП подлежат взысканию с ответчика. Расходы по оплате государственной пошлины в соответствии со статьей 110 АПК РФ также подлежат возложению на ответчика. Руководствуясь статьями 110, 167–170, 226-229 АПК РФ, арбитражный суд 12",отказано,А.В.Николаев,Краснодар,"{'апк': [125, 137]}"
"несенные лицами, участвующими в деле, в пользу которых принят судебный акт, взыскиваются арбитражным судом со стороны. При подаче иска истцом оплачена государственная пошлина в сумме 81 457,46 рублей, что подтверждается платёжным поручением № 26522 от 11.12.2024. 7 1083_659085 Уплату пошлины в соответствии со статьей 110 Арбитражного процессуального кодекса Российской Федерации следует отнести на ответчика. Настоящее решение выполнено в форме электронного документа, подписано электронной подписью судьи и считается направленным лицам, участвующим в деле, посредством размещения на официальном сайте суда в сети ""Интернет"" в режиме ограниченного доступа. По ходатайству лиц, участвующих в деле, копии решения на бумажном носителе могут быть направлены им в пятидневный срок со дня поступления соответствующего ходатайства заказным письмом с уведомлением о вручении или вручены им под расписку. Руководствуясь статьями 167 – 176 и 181 Арбитражного процессуального кодекса Российской Федерации, суд",принято,Ондар Чечек Чигжит-ооловна,Кызыл,"{'апк': [15, 70, 71, 110, 156], 'гк': [309, 329, 330, 539, 544, 781]}"
"а подлежит взысканию с должника (статья 202 Гражданского процессуального кодекса Российской Федерации, статья 179 Арбитражного процессуального кодекса Российской Федерации). При этом день фактического исполнения нарушенного обязательства, в частности, день уплаты задолженности кредитору, включается в период расчета неустойки. Таким образом, с ответчика в пользу истца подлежат взысканию пени, рассчитанной в соответствии с абзацем 8 пункта 2 статьи 37 Федерального закона от 26.03.2003 № 35-ФЗ «Об электроэнергетике», за период с 01.06.2024 по день фактической оплаты ответчиком суммы основного долга. В соответствии с частью 1 статьи 110 АПК РФ судебные расходы, понесенные лицами, участвующими в деле, в пользу которых принят судебный акт, взыскиваются арбитражным судом со стороны. На основании изложенного, расходы по оплате госпошлины следует отнести на ответчика с учетом удовлетворения исковых требований. Руководствуясь ст. ст. 9, 49, 65, 71, 110, 156, 167, 171, 176 АПК РФ, арбитражный суд",частично,М.М. Данько,Краснодар,"{'апк': [156, 179], 'гк': [330], 'гпк': [202]}"
"лежащую взысканию, а также то, что такое взыскание производится до момента фактического исполнения обязательства. Учитывая выше изложенное, с ответчика в пользу истца подлежит взысканию 220 344,84 рублей пени, а также пени, начисленные на сумму долга в размере 25 342 716,5 рублей, исходя из 0,1% за каждый день просрочки, начиная с 20.12.2024г. по день фактического исполнения обязательства. В удовлетворении остальной части требования о взыскании пени надлежит отказать. Истцом при подаче иска уплачена государственная пошлина в размере 480 942 рубля по платежному поручению от 19.12.2024 № 64232. В соответствии со статьей 110 Арбитражного процессуального кодекса Российской Федерации судебные расходы по уплате государственной пошлины по иску подлежат отнесению на ответчика со взысканием в пользу истца пропорционально удовлетворенным требованиям, что составляет 480 365 рублей. Руководствуясь статьями 110, 169-171, 176 Арбитражного процессуального кодекса Российской Федерации, арбитражный суд",отказано,Зинаида Петровна,Ростов-на-Дону,"{'апк': [68, 70, 110, 156, 169, 170, 171, 176], 'гк': [309, 310, 329, 506, 516]}"
"и ООО «Ваир» по земельному налогу за 2019 году произвести корректировку сальдо ЕНС ООО «Ваир» в связи с уменьшением суммы земельного налога согласно уточненной налогово декларации по земельному налогу за 2019 году на 364 784 руб. и уменьшением начисленных пеней за несвоевременную уплату земельного налога за 2019 год на 358 905 руб. 45 коп. отсутствуют. В соответствии с частью 3 статьи 201 АПК РФ арбитражный суд, установив, что оспариваемый ненормативный правовой акт, решения и действия (бездействие) государственных органов, органов местного самоуправления, иных органов, должностных лиц соответствуют закону или иному нормативному правовому акту и не нарушают права и законные интересы заявителя, суд принимает решение об отказе в удовлетворении заявленного требования. В связи с отказом в удовлетворении заявленных требований судебные расходы по делу относятся на заявителя. Руководствуясь статьями 167 – 170, 176, 201 Арбитражного процессуального кодекса Российской Федерации, арбитражный суд",отказано,Л.М. Наринян,Москва,"{'нк': [391, 402], 'часть первый и часть второй налоговый': [52], 'апк': [259]}"
"орых он ходатайствует, не указаны причины, препятствующие получению доказательств, относимость и допустимость указанного в ходатайстве доказательства к рассматриваемому делу не обоснована документально. Поскольку в удовлетворении основного требования о взыскании 98 600,00 руб. истцу отказано, то требование о взыскании неустойки в сумме 25 578,66 руб. удовлетворению также не подлежит. Расходы по государственной пошлине на основании части 1 статьи 110 Арбитражного процессуального кодекса РФ относятся на истца. Настоящий судебный акт выполнен в форме электронного документа, подписан усиленной квалифицированной электронной подписью судьи и будет направлен лицам, участвующим в деле, посредством его размещения на официальном сайте Арбитражного суда в сети ""Интернет"" в режиме ограниченного доступа не позднее следующего дня после дня его принятия. Руководствуясь статьями 110, 112, 150, 167 — 171, 176, 180, 181, 182, 319 Арбитражного процессуального кодекса Российской Федерации, арбитражный суд",отказано,Юлия Павловна,Нижний,"{'апк': [66, 228, 229], 'гк': [420, 702, 711, 740]}"
"млению прав одной из его сторон (пункт 4 раздела II Обзора судебной практики Верховного Суда Российской Федерации № 4, утв. Президиумом Верховного Суда Российской Федерации 23.12.2015). На основании статьи 110 Арбитражного процессуального кодекса Российской Федерации, расходы по уплате государственной пошлины относятся на стороны пропорционально удовлетворенным требованиям. Злоупотребления со стороны истца, как указывает ответчик, то есть оснований, которые в силу части 2 статьи 111 Арбитражного процессуального кодекса Российской Федерации позволяют возложить все судебные расходы на лицо, злоупотребляющее своими процессуальными правами или не выполняющее свои процессуальные обязанности, судом не установлено. Само по себе изменение истцом размера исковых требований не является безусловным основанием для признания его действий злоупотреблением правом. Руководствуясь статьями 106, 110, 167-170 Арбитражного процессуального кодекса Российской Федерации, Арбитражный суд Архангельской области",частично,Татьяна Леонидовна,Архангельск,"{'апк': [49, 106, 110, 111, 156, 167, 168, 169, 170], 'жк': [154]}"
"правовых обязанностей, к формальным требованиям публичного права, связанным со строительством объекта капитального строительства. Материалы дела не содержат доказательств того, что фактические обстоятельства дела могут свидетельствовать об исключительности ситуации, позволяющей применить статью 2.9 Кодекса Российской Федерации об административных правонарушениях. В свою очередь, административное правонарушение, предусмотренное статьей 19.5 Кодекса Российской Федерации об административных правонарушениях, отнесено в соответствии с частью 2 статьи 4.1.1 Кодекса Российской Федерации об административных правонарушениях к числу административных правонарушений, при совершении которых не допускается замена наказания в виде административного штрафа предупреждением. Заявление о привлечении к административной ответственности государственной пошлиной не облагается. Руководствуясь статьями 167-170, 176, 206 Арбитражного процессуального кодекса Российской Федерации, арбитражный суд А54-1098/2025 11",отказано,Лариса Ивановна,Рязань,"{'апк': [15, 167, 168, 169, 170, 176, 177, 205, 206, 288], 'гдк': [52]}"
"ются в части сниженной суммы из бюджета и подлежат А43-34385/2024 6 возмещению ответчиком исходя из суммы неустойки, которая подлежала бы взысканию без учета ее снижения. Определением от 28.10.2024 суд отказал истцу в принятии обеспечительных мер. В порядке статьи 110 Арбитражного процессуального кодекса Российской Федерации расходы по государственной пошлине за рассмотрение заявления о принятии обеспечительных мер подлежат отнесению на истца. Настоящее решение выполнено в форме электронного документа, подписано усиленной квалифицированной электронной подписью судьи и в соответствии с частью 1 статьи 177 Арбитражного процессуального кодекса Российской Федерации будет направлено лицам, участвующим в деле, посредством его размещения на официальном сайте арбитражного суда в сети «Интернет» в режиме ограниченного доступа не позднее следующего дня после дня его принятия. Руководствуясь статьями 110, 167 - 171, 176, 180, 181, 319 Арбитражного процессуального кодекса Российской Федерации, суд",принято,Светлана Анатольевна,Нижний,"{'гк': [8, 333], 'апк': [65, 110, 163, 176, 177]}"
"атериалы дела не представлено, суд оснований для снижения пени не находит. Суд произвел самостоятельный расчет пени исходя из суммы задолженности, исчисленной по льготному тарифу. С учетом изложенного, суд взыскивает с ответчика в пользу истца 503,95 руб. пени за период с 10.02.2024 по 24.02.2025 (на день вынесения решения). Суд также считает подлежащими удовлетворению требования истца о взыскании с ответчика пени по день фактической оплаты долга с 25.02.2025. В удовлетворении остальной части требований суд отказывает. В соответствии со статьей 110 АПК РФ судебные расходы, понесенные лицами, участвующими в деле, в пользу которых принят судебный акт, взыскиваются арбитражным судом со стороны. Излишне уплаченная при подаче иска государственная пошлина подлежит возврату истцу на основании статьи 104 АПК РФ, статьи 333.40 Налогового кодекса Российской Федерации. Руководствуясь статьями 167-171, 176 Арбитражного процессуального кодекса Российской Федерации, Арбитражный суд Тюменской области",частично,Дарья Александровна,Тюмень,"{'апк': [49, 167, 168, 169, 170, 171, 176], 'жк': [153], 'гк': [210]}"
"ния по отношению к ООО «АСК» (ответчику) в размере 5 000 рублей, также соответствующих процентов». В качестве документа, удостоверяющего уступленное право требования в договоре обозначена «квитанция об оплате 5 000 рублей». Таким образом, предмет договора и основание возникновения права требования сформулированы не четко, с использованием общих фраз, без конкретизации, что, по правилам статьи 431 ГК РФ затрудняет определить содержание этого договора и действительную волю сторон при его заключении. При изложенных обстоятельствах суд не находит оснований для удовлетворения иска, как в части требования основного долга, так и процентов за пользование чужими денежными средствами. В соответствии со статьей 110 АПК РФ судебные расходы ответчика по оплате судебной экспертизы, а также государственная пошлина по иску относится на истца. В связи с изложенным, руководствуясь статьями 110, 112, 167 – 169 Арбитражного процессуального кодекса Российской Федерации, Арбитражный суд Республики Татарстан",отказано,Сотов Артем Сергеевич,Казань,"{'апк': [228], 'гк': [1102]}"
"и совершенного правонарушения и обеспечивает достижение целей административного наказания, предусмотренных частью 1 статьи 3.1 КоАП РФ. Поскольку в ходе проверки арест и изъятие вещей не осуществлялось, основания для разрешения в настоящем деле вопросов, указанных в части 3 статьи 29.10 КоАП РФ, отсутствуют. В соответствии с пунктом 1.1 статьи 29.10 КоАП РФ и пунктом 15 Постановления Пленума Высшего Арбитражного Суда Российской Федерации от А26-10751/2024 10 02.06.2004 № 10 в настоящем решении подлежит указанию информация о получателе штрафа, необходимая для заполнения расчетных документов. Руководствуясь статьями 167-170, 206, 229 Арбитражного процессуального кодекса Российской Федерации, пунктом 37 Постановления Пленума Верховного Суда Российской Федерации от 18.04.2017 № 10 «О некоторых вопросах применения судами положений Гражданского процессуального кодекса Российской Федерации и Арбитражного процессуального кодекса Российской Федерации об упрощенном производстве», арбитражный суд",принято,Лазарев Алексей Юрьевич,Петрозаводск,"{'апк': [167, 168, 169, 170, 206, 227, 229]}"
"государственную пошлину, предусмотренную статьями 1000071_6938759 9 333.19 и 333.21 НК РФ, наравне с иными участниками процесса. Например, по спору о взыскании переплаты за услуги по теплоснабжению занимаемых помещений инспекция Федеральной налоговой службы выступает в качестве участника гражданских правоотношений и хозяйствующего субъекта, а потому уплачивает государственную пошлину на общих основаниях. Из спорного контракта (п.1.1, п.1.5) усматривается, что он заключен с целью капитального ремонта офиса семейного врача. Финансирование ремонта осуществляется за счет субсидий из бюджета. Таким образом, контракт был заключен истцом не для собственных нужд, и настоящий спор связан с выполнением истцом отдельных функций государственного органа. При изложенных обстоятельствах, с ответчика в доход федерального бюджета подлежит взысканию государственная пошлина в размере 7 251,63 руб. Руководствуясь статьями 110, 167 - 170, 227 - 229 Арбитражного процессуального кодекса Российской Федерации,",частично,Иванова Лариса Леонидовна,Белгород,"{'гк': [708, 763]}"
"ю на ответчика. Расходы на фиксацию правонарушения признаны судом чрезмерными, поскольку выражались в осмотре сайта в информационно-телекоммуникационной сети Интернет и не требовали специальных познаний и затрат. Таким образом, в требовании о взыскании расходов на фиксацию правонарушения суд отказывает. При изготовлении резолютивной части решения судом была допущена опечатка при указании суммы взысканных почтовых расходов, а именно ошибочно указана сумма «142,50руб.,», тогда как следовало указать «142руб.,». В соответствии с частью 3 статьи 179 Арбитражного процессуального кодекса Российской Федерации арбитражный суд, принявший решение, по своей инициативе вправе исправить допущенные описки без изменения его содержания. Таким образом, суд считает возможным исправить допущенную опечатку и читать сумму почтовых расходов, взысканной с ответчика, «в сумме 142руб.». Руководствуясь статьями 110,112,167-170,176-180,181 Арбитражного процессуального кодекса Российской Федерации, арбитражный суд",отказано,Елена Владимировна,Саратов,"{'апк': [9, 49, 65, 71, 101, 106, 110, 112, 121, 123, 156, 167, 168, 169, 170, 176, 177, 178, 179, 180, 181, 257, 258, 259, 260, 273, 274, 275, 276, 277], 'гк': [1226, 1229, 1270, 1515]}"
"тся рассмотрение дела по существу (ст. 112 АПК РФ). Учитывая, что почтовые расходы связаны с рассматриваемым спором, подтверждены надлежащими доказательствами, с учётом результата рассмотрения дела подлежат отнесению на ответчика В соответствии с ч.1 ст.110 Арбитражного процессуального кодекса Российской Федерации судебные расходы, понесенные лицом, участвующим в деле, в пользу которого принят судебный акт, взыскиваются со стороны. Поскольку при предъявлении искового заявления истец был освобожден от уплаты государственной пошлины на основании пп. 1 п. 1 ст. 333.37 Налогового кодекса Российской Федерации, государственная пошлина подлежит взысканию с ответчика непосредственно в доход федерального 1245703104_15944524 5 бюджета на основании ст.110 Арбитражного процессуального кодекса Российской Федерации. На основании 330, 606, 614 Гражданского кодекса Российской Федерации, руководствуясь статьями 110, 167-171, 229 Арбитражного процессуального кодекса Российской Федерации, арбитражный суд",частично,Анастасия Вячеславовна,Екатеринбург,"{'апк': [65, 110, 167, 168, 169, 170, 171, 229]}"
"ия обязательств. Размер договорной неустойки, определенный сторонами (0,1 % не перечисленных сумм за каждый день просрочки), не является завышенным и не выходит за рамки обычной деловой практики по данной категории дел, требований разумности и справедливости. Иного ответчиком в нарушение статьи 65 АПК РФ не доказано. Вопреки доводам ответчика, конкурсного кредитора ответчика, с учетом конкретных обстоятельств дела, а именно разумной ставки неустойки (0,1% суммы долга в день), длительности периода просрочки, оснований для снижения неустойки в связи с ее несоразмерностью в порядке статьи 333 ГК РФ не имеется. Само по себе нахождение ответчика в процедуре банкротства достаточным основанием для снижения неустойки не является. Государственная пошлина подлежит взысканию с ответчика в доход федерального бюджета (ст. 110 Арбитражного процессуального кодекса Российской Федерации). Руководствуясь ст.110, 167-170, 171, 176 Арбитражного процессуального кодекса Российской Федерации, арбитражный суд",принято,Глухих Анастасия Ивановна,Екатеринбург,{'зк': [65]}
"редств с расходами ответчика при управлении спорными МКД суд приходит к выводу о наличии отрицательного сальдо в размере 4695486 руб. 12 коп., что указывает на отсутствие неосновательного обогащения на стороне ответчика и отказ в иске по данному основанию. Иные доводы ответчика, как то отсутствие полномочий на предъявление иска и пропуск срока исковой давности суд отклоняет, поскольку право на предъявление иска управляющей компанией от имени собственников следует из закона; срок исковой давности также не пропущен, поскольку он начинает течь не ранее даты, когда истец приступил к управлению многоквартирными домами. Судебные расходы по делу относятся на истца в порядке ст. 110 АПК РФ. 100792_15942298 7 Поскольку при подаче иска истцу была предоставлена отсрочка по уплате государственной пошлины, то 103466 руб. 00 коп. подлежат взысканию с истца в доход федерального бюджета. Руководствуясь ст.110, 167-170, 171, 176 Арбитражного процессуального кодекса Российской Федерации, арбитражный суд",отказано,Коликов Владимир Владимирович,Екатеринбург,{'гк': [1102]}
"йствий, а общество не представило доказательств нарушения действием должностных лиц его прав и законных интересов, то суд отказывает в удовлетворении заявленных требований общества в полном объеме. Дополнительно суд указывает заявителю на то, что взыскатель не лишен права повторно предъявить исполнительный лист ко взысканию в пределах трех лет со дня возвращения исполнительного листа взыскателю, если не истек трехлетний срок на предъявление исполнительного документа к исполнению, исчисляемый с даты получения почтой взыскателем постановления об окончании исполнительного производства. Вопрос о распределении судебных расходов не рассматривался, поскольку в соответствии с частью 2 статьи 329 Арбитражного процессуального кодекса Российской Федерации заявление об оспаривании решений и действий (бездействия) судебного пристава-исполнителя государственной пошлиной не облагается. Руководствуясь статьями 167-170, 176, 201 Арбитражного процессуального кодекса Российской Федерации, арбитражный суд",отказано,М. А. Малыгина,Ростов-на-Дону,"{'апк': [123, 156, 167, 168, 169, 170, 176, 198, 200, 201, 329]}"
"значейства, банками и иными кредитными организациями, должностными лицами и гражданами (часть 1 статьи 7, статья 8, пункт 16 части 1 статьи 64 и часть 2 статьи 70 Закона об исполнительном производстве). Учитывая, что денежное обязательство на момент вынесения решения по настоящему делу не исполнено, суд считает подлежащим удовлетворению требование истца о взыскании с 18.01.2025 процентов за пользование чужими денежными средствами на сумму задолженности, составляющую на день вынесения решения 115489 руб., за каждый день просрочки до дня фактической уплаты денежных средств, исходя из ключевой ставки (ставки рефинансирования) Банка России, действующей в соответствующие периоды. Согласно части 2 статьи 168 АПК РФ при принятии решения арбитражный суд решает вопрос о распределении судебных расходов. В соответствии со статьей 110 АПК РФ расходы по государственной пошлине относятся на ответчика. Руководствуясь статьями 110, 167-171 Арбитражного процессуального кодекса Российской Федерации, суд",принято,Екатерина Сергеевна,Кострома,"{'апк': [110, 167, 168, 169, 170, 171]}"
"0 000 руб. 00 коп. Истцом в доход федерального бюджета уплачена государственная пошлина в размере 35 000 руб. 00 коп., что подтверждается платежным поручением №168 от 11.11.2024г. На основании изложенного, учитывая, что суд пришел к выводу о частичном удовлетворении исковых требований. Судебные расходы по уплате государственной пошлины за рассмотрение искового заявления подлежат распределению в порядке статьи 110 Арбитражного процессуального кодекса Российской Федерации, в связи с чем с ответчика в пользу истца подлежат взысканию судебные расходы по оплате государственной пошлины в размере 33 333 руб. 00 коп. пропорционально размеру удовлетворенных исковых требований, а недоплаченная при подаче искового заявления государственная пошлина в размере 1 554 руб. 00 коп. подлежит взысканию с истца в доход федерального бюджета. 18_17153423 5 Руководствуясь статьями 9, 41, 65, 70, 71, 104 110, 112, 167-170, 176, 226-229 Арбитражного процессуального кодекса Российской Федерации, арбитражный суд",частично,И.Г. Демина,Москва,"{'апк': [4, 9, 41, 65, 70, 71, 104, 110, 112, 167, 168, 169, 170, 176, 226, 227, 228, 229], 'гк': [11, 971, 972, 973]}"
"й продавцом. Поскольку общество с ограниченной ответственностью «ЧЕЛВТОРСТАЛЬ» не передало товар, истец обратился в арбитражный суд с иском, потребовав возврата предварительной оплаты. Доказательства отгрузки товара ответчиком не представлены. Доводы истца о заключении разовой сделки купли-продажи, оплате товара и отсутствии встреченного предоставления не опровергнуты. При таких обстоятельствах исковые требования в части взыскания основной задолженности в размере 496 400 руб. подлежат удовлетворению на основании ст. ст. 309, 310, 487, 506 ГК РФ. Истец уплатил государственную пошлину в размере 29 820 руб., что подтверждается платежным поручением от 07.10.2024 №183. Поскольку заявленные истцом требования удовлетворены, судебные расходы по уплате государственной пошлины относятся на ответчика в соответствии с ч. 1 ст. 110 Арбитражного процессуального кодекса Российской Федерации. Руководствуясь ст. ст. 110, 167-170 Арбитражного процессуального кодекса Российской Федерации, арбитражный суд",частично,О.С. Коровина,Челябинск,{}
"что оспариваемое решение или порядок его принятия не соответствует закону, либо отсутствуют основания для привлечения к административной ответственности или применения конкретной меры ответственности, либо оспариваемое решение принято органом или должностным лицом с превышением их полномочий. Указанных в названной норме обстоятельств, при рассмотрении дела судом не установлено, следовательно, правовые основания для признания незаконными и отмене постановления Управления Федеральной службы по надзору в сфере защиты прав потребителей и благополучия человека по Удмуртской Республике по делу об административном правонарушении от 27.11.2024 № 263 отсутствуют, требования заявителя удовлетворению не подлежат. Заявление об оспаривании постановлений о привлечении к административной ответственности государственной пошлиной согласно статье 208 АПК РФ не облагается. Руководствуясь статьями 167-170, 211 Арбитражного процессуального кодекса Российской Федерации, Арбитражный суд Удмуртской Республики",отказано,Масагутов Тимержан Ринатович,Ижевск,"{'гк': [3, 309, 421], 'закон о защита право потребитель отношение в область защита право потребитель регулироваться гражданский': [1], 'апк': [167, 168, 169, 170, 211]}"
"и обращении в суд истцом уплачена госпошлина в размере 4 886 рублей по платежному поручению № 139 от 22.09.2015 года. Поскольку ходатайством об уточнении требований истец уменьшил сумму требования до 98 093,69 руб., постольку госпошлина в размере 3 924 руб. подлежит взысканию с ответчика в пользу истца. Излишне уплаченная госпошлина в размере 962 руб. подлежит возврату истцу из федерального бюджета. При изготовлении резолютивной части решения суда по делу № А32-35532/15 от 15.11.2016 г., была допущена описка, выразившаяся в следующем: взыскиваемая сумма в размере 8 601,69 руб. ошибочно названа судебными расходами, а следовало указать, что данная сумма является процентами за пользование чужими денежными средствами. В этой связи, взысканию с ответчика в пользу истца подлежит сумма в размере 8 601,69 руб. процентов за пользование чужими денежными средствами. На основании изложенного и, руководствуясь ст. 65, 70, 110, 167, 171, Арбитражного процессуального кодекса Российской Федерации, суд",частично,М.В. Черножуков,Краснодар,"{'гк': [319, 395], 'апк': [110]}"
"оговора организация обязана передать вверенное ей имущество по акту в исправном состоянии с учетом нормального износа. Доказательства возврата ВРО ООО «РИА» спорного имущества в материалах дела отсутствуют, ответчик таких доказательств суду не представил. 7 С учетом изложенного, требования истца о выселении ответчика из занимаемой части здания, общей площадью 645,5 кв.м., по адресу: г. Воронеж, ул. Никитинская, 50 «в» также являются обоснованными и подлежат удовлетворению. В силу части статьи 110 АПК РФ судебные расходы, понесенные лицами, участвующими в деле, в пользу которых принят судебный акт, взыскиваются арбитражным судом со стороны. Учитывая, что заявитель в силу статьи 333.37 Налогового кодекса РФ освобожден от ее уплаты, расходы по госпошлине в сумме 12 000 руб. подлежат взысканию с ответчика в доход федерального бюджета РФ. На основании материалов дела, руководствуясь статьями 8,309,310, Гражданского кодекса РФ, статьями 4,7-11,13,16,65,110,156,167-170 АПК РФ, арбитражный суд",отказано,М.С.Есакова,Воронеж,{}
"щиком – лицом, обращающимся в суд, и государством. Исходя из положений подпункта 1 пункта 3 статьи 44 НК РФ отношения по поводу уплаты государственной пошлины после ее уплаты прекращаются. Согласно ст. 110 АПК РФ между сторонами судебного разбирательства возникают отношения по распределению судебных расходов, которые регулируются главой 9 АПК РФ. В связи с этим, если судебный акт принят не в пользу государственного органа (органа местного самоуправления), расходы заявителя по уплате государственной пошлины подлежат возмещению этим органом в составе судебных расходов (ч. 1 ст. 110 АПК РФ). При обращении с иском истец оплатил госпошлину в сумме 17 667,43руб. по платежному поручению №519 от 03.11.2016 за рассмотрение дела в суде. Поскольку требования истца удовлетворены, с ответчика в пользу истца следует взыскать расходы по оплате госпошлины в сумме 17 667,43 руб. Руководствуясь статьями 65, 110, 167, 170, 171,176 Арбитражного процессуального кодекса Российской Федерации, арбитражный суд",частично,А.В. Сазыкина,Воронеж,"{'апк': [65, 110, 167, 170, 171, 176]}"
"в, что оспариваемый ненормативный правовой акт, решение и действия (бездействие) органов, осуществляющих публичные полномочия, должностных лиц не соответствуют закону или иному нормативному правовому акту и нарушают права и законные интересы заявителя в сфере предпринимательской и иной экономической деятельности, принимает решение о признании ненормативного правового акта недействительным, решений и действий (бездействия) незаконными С учетом изложенного, требования заявителя подлежат удовлетворению. Рассматривая вопрос о государственной пошлине суд считает необходимым отметить, что поскольку требования заявителя подлежат удовлетворению, то в силу статьи 110 АПК РФ с Главного управления Московской области «Государственная жилищная инспекция Московской области» в пользу ООО «Перспектива» подлежит взысканию судебные расходы по уплате госпошлины в размере 3 000 руб. Руководствуясь статьями 110, 167 – 170, 176, 201 Арбитражного процессуального кодекса Российской Федерации, арбитражный суд,",отказано,Е.В.Васильева,Москва,"{'жк': [198], 'апк': [259]}"
"ого предмета лизинга, составляет убыток для ОАО ""Венчур Капитал"" в размере 117347,99 руб. Согласно ст. 1102 ГК РФ лицо, которое без установленных законом, иными правовыми актами или сделкой оснований приобрело или сберегло имущество (приобретатель) за счет другого лица (потерпевшего), обязано возвратить последнему неосновательно приобретенное или сбереженное имущество (неосновательное обогащение), за исключением случаев, предусмотренных статьей 1109 ГК РФ. Учитывая, что требования истца в части взыскания суммы неосновательного обогащения в размере 117347 руб. 99 коп. обоснованы, документально подтверждены, исковые требования в указанной части подлежат удовлетворению. В соответствии с п. 1 ст. 110 АПК РФ судебные расходы, понесенные лицами, участвующими в деле, в пользу которых принят судебный акт, взыскиваются арбитражным судом со стороны. На основании ст.ст. 309, 310, 452, 453, 614, 619, 622, 1102, 1105, 1107 ГК РФ, и руководствуясь ст.ст. 110, 123, 156, 167-171 АПК РФ арбитражный суд",частично,Н.П. Чебурашкина,МОСКВЫ,{}
" короткий срок (п.3 ст.395 ГК РФ). Учитывая, что ответчиком доказательств оплаты суммы долга в материалы дела не представлено, имеет место неправомерное пользование чужими денежными средствами, требование о взыскании 857806 руб. 26 коп. процентов за пользование чужими денежными средствами за период с 1245702986_5983365 3 03.07.2015 по 22.08.2016 заявлено истцом обосновано, в том числе в части продолжения начисления процентов до полного исполнения обязательства. При таких обстоятельствах исковые требования о взыскании 857806 руб. 26 коп. процентов за пользование чужими денежными средствами за период с 03.07.2015 по 22.08.2016 с продолжением начисления процентов по день фактического исполнения обязательства подлежат удовлетворению на основании ст. 395 Гражданского кодекса Российской Федерации. Расходы по государственной пошлине в силу ст.110 подлежат отнесению на ответчика. Руководствуясь ст.110, 167-170, 171, 176 Арбитражного процессуального кодекса Российской Федерации, арбитражный суд",частично,Е.А.Бикмухаметова,Екатеринбург,{}
"е арбитражный управляющий имеет право на вознаграждение в деле о банкротстве, а также на возмещение в полном объемов расходов, фактически понесенных им при исполнении возложенных на него обязанностей в деле о банкротстве. Вознаграждение, выплачиваемое арбитражному управляющему в деле о банкротстве, состоит из фиксированной суммы и суммы процентов. Размер фиксированной суммы такого вознаграждения для конкурсного управляющего составляет тридцать тысяч рублей в месяц. С учетом указанных положений конкурсному управляющему ООО «РОС ОЙЛ СЕРВИС» Фрезе С.В. за проведение процедуры банкротства подлежит установлению вознаграждение в размере фиксированной суммы – 30 000 рублей за каждый месяц осуществления ею полномочий конкурсного управляющего. На основании изложенного, руководствуясь ст.ст. 3, 6, 20, 20.2, 20.6, 45, 48, 74, 75, 124, 127 Федерального закона от 26.10.2002 № 127-ФЗ «О несостоятельности (банкротстве)», ст.ст. 167-170, 223 Арбитражного процессуального кодекса Российской Федерации, 4",принято,С.А. Колесников,Ханты-Мансийск,{}
" 210 536 руб. 19 коп. Указанные обстоятельства ответчиком не оспорены, однако, оплата за потребленные коммунальные ресурсы последним не произведена. Представленный расчет долга проверен судом, признан обоснованным. Из представленных смет на расчет тарифов следует, что применение истцом тарифа, установленного после периода поставки коммунальных ресурсов, не приводит к 3 получению денежных средств в сумме, превышающей необходимую валовую выручку истца в спорный период, признанную обоснованной регулирующим органом. Поскольку факт исполнения истцом обязательств подтвержден представленными счетами – фактурами, а доказательств своевременной оплаты не представлено, исковые требования подлежат удовлетворению. С учетом положений статьи 110 Арбитражного процессуального кодекса Российской Федерации и заявления истца расходы по уплате государственной пошлины относятся на сторон в равных долях. Руководствуясь 110, 167-171, 176, 180, 181 Арбитражного процессуального кодекса Российской Федерации, суд",принято,С.С. Бондаренко,Кемерово,"{'гк': [309, 310, 539, 548, 779], 'апк': [110]}"
"азмер до 200000 руб., что позволяет сохранить баланс интересов сторон, не допустив при этом извлечения необоснованной финансовой выгоды одной стороны за счет другой в связи с начислением денежных санкций. В соответствии со статьями 112 и 170 АПК РФ в судебном акте, которым заканчивается рассмотрение дела по существу, разрешаются вопросы распределения между сторонами судебных расходов. При подаче искового заявления истец уплатил госпошлину в размере 82806 руб., что подтверждается платежными поручениями №96 от 13.05.2016 и №111 от 06.06.2016. В связи с уменьшением истцом размера исковых требований, то ему из федерального бюджета следует возвратить излишне уплаченную сумму госпошлины в размере 20429руб. (платежное поручение №111 от 06.06.2016). Согласно ст. 110 АПК РФ судебные расходы по госпошлине в размере 61947 руб. 50 коп. следует отнести на ответчика и взыскать в пользу истца. Руководствуясь статьями 49, 110, 167-171, 176 Арбитражного процессуального кодекса Российской Федерации, суд",частично,М.С. Исаев,Махачкала,"{'гк': [1, 4, 333], 'апк': [49, 110, 167, 168, 169, 170, 171, 176]}"
"от 27.07.2010 № 190-ФЗ «О теплоснабжении» потребитель тепловой энергии, несвоевременно и (или) не полностью оплативший тепловую энергию (мощность) и (или) теплоноситель по договору теплоснабжения, обязан уплатить единой теплоснабжающей организации (теплоснабжающей организации) пени в размере одной стотридцатой ставки рефинансирования Центрального банка Российской Федерации, действующей на день фактической оплаты, от не выплаченной в срок суммы за каждый день просрочки, начиная со следующего дня после дня наступления установленного срока оплаты по день фактической оплаты. Возражений от ответчика относительно требований истца о взыскании пени не поступило, доказательств, свидетельствующих об отсутствии вины, ответчиком не представлено, в связи с чем, оснований для освобождения его от ответственности не имеется. Таким образом, суд удовлетворяет требования в полном объеме. Руководствуясь статьями 110, 167-170, 171, 176, 180-181 Арбитражного процессуального кодекса Российской Федерации, суд",частично,В.В. Голубых,Сыктывкар,"{'апк': [49, 65, 110, 156, 167, 168, 169, 170, 171, 176, 180, 181], 'гк': [330, 332]}"
"ожет быть снижена судом на основании статьи 333 Кодекса только при наличии соответствующего заявления со стороны ответчика. Между тем, мотивированных и документально обоснованных возражений в отношении расчёта, размера неустойки ответчиком не заявлено, не представлено. Суд признает расчёт правильным, считает размер неустойки соразмерным последствиям нарушения обязательства. 7_5455112 3 При этом требование о взыскании неустойки начисленную на сумму основного долга с 15.11.2016г. судом не может быть удовлетворено, поскольку двойная мера ответственности за один и тот же период не допускается, в связи с чем суд считает возможным взыскать неустойку с 01.12.2016г. по день фактической оплаты долга. В соответствии с ч.1 ст.110 АПК РФ, судебные расходы, понесенные лицами, участвующими в деле, в пользу которых принят судебный акт, взыскиваются арбитражным судом со стороны. Руководствуясь статьями 110, 167 - 170, 226 - 229 Арбитражного процессуального кодекса Российской Федерации, арбитражный суд",отказано,Д.Ю.Капаев,Москва,{}
"са РФ» при определении разумных пределов расходов на оплату услуг представителя могут приниматься во внимание, в частности, нормы расходов на оплату услуг представителя, нормы расходов на служебные командировки, установленные правовыми актами, стоимость экономных транспортных услуг, время, которое мог бы затратить на подготовку материалов квалифицированный специалист, продолжительность рассмотрения и сложность дела. Истцом было заявлено требование о взыскании с ответчика расходов на оплату услуг адвоката в сумме 20 000 руб., представлены документы в обоснование. Поскольку спор возник вследствие нарушения ответчиком принятых на себя обязательств, факт несения истцом судебных издержек в виде указанных расходов и их размер подтверждены надлежащими доказательствами, требование истца об их возмещении соответствует положениям ст.ст. 106, 110 АПК РФ и подлежит удовлетворению. Руководствуясь статьями 49, 102, 110, 112, 167-171, 176 Арбитражного процессуального кодекса Российской Федерации, суд",частично,М.В.Саенко,Москва,"{'апк': [49, 71, 102, 110, 112, 167, 168, 169, 170, 171, 176], 'гк': [309, 395, 422]}"
"ебований или возражений, считаются признанными другой стороной, если они ею прямо не оспорены или несогласие с такими обстоятельствами не вытекает из иных доказательств, обосновывающих представленные возражения относительно существа заявленных требований. Обстоятельства, положенные истцом в основание заявленного иска, ответчиком не оспорены, контррасчет и документы, свидетельствующие о надлежащем исполнении денежного обязательства по оплате, ответчиком также не представлены. Истец при подаче искового заявления в Арбитражный суд Самарской области уплатил государственную пошлину в размере 12 000 руб. 00 коп. платежным поручением №681 от 31.08.2016. В соответствии со ст. 110 Арбитражного процессуального кодекса Российской Федерации расходы по уплате государственной пошлины следует возложить на ответчика, взыскав с последнего в пользу истца 12 000 руб. 00 коп. государственной пошлины. А55-22369/2016 4 Руководствуясь ст. 110,167-171 Арбитражного процессуального кодекса Российской Федерации,",частично,Д.А. Дегтярев,Самара,"{'апк': [9, 65, 137], 'гк': [614]}"
"ления «Додзь» пропорционально удовлетворенным исковым требованиям, независимо от того, что в данном случае последнее является органом местного самоуправления, освобожденным от уплаты госпошлины на основании подпункта 1.1 пункта 1 статьи 333.17 Налогового кодекса Российской Федерации. Ходатайством от 02.11.2016 администрация сельского поселения «Додзь» просит уменьшить размер государственной пошлины, однако какие-либо документы в обоснование данного ходатайства не приложены, кроме того, 2 000 руб. 00 коп. являются минимальным размером государственной пошлины, А29-10358/2016 7 уплачиваемой при обращении с иском в суд, в связи с чем суд отказывает в удовлетворении ходатайства. Учитывая размер заявленных и удовлетворенных исковых требований, с администрации сельского поселения «Додзь» в пользу ПАО «МБКР» подлежит взысканию государственная пошлина в сумме 2 000 руб. 00 коп. Руководствуясь статьями 110, 167-170, 171, 176, 180-181 Арбитражного процессуального кодекса Российской Федерации, суд",отказано,О.П. Митина,Сыктывкар,"{'апк': [9, 110, 123, 137, 167, 168, 169, 170, 171, 176, 180, 181], 'гк': [702]}"
"кой Федерации не содержат перечня оснований рассрочки исполнения судебного акта, а лишь устанавливают критерий их определения - обстоятельства, затрудняющие исполнение судебного акта, предоставляя суду возможность в каждом конкретном случае решать вопрос об их наличии с учетом всех обстоятельств дела и представленных сторонами доказательств (статья 65 Арбитражного процессуального кодекса Российской Федерации). Ответчик, ссылаясь на сезонный и нестабильный характер прибыли, наличие постоянных расходов, в том числе на заработную плату, налоги, аренду, а также кредиторскую задолженность в размере 4 126 359 руб. в нарушение положений статьи 65 Арбитражного процессуального кодекса Российской Федерации не представил доказательств, подтверждающих его возможности исполнить решение суда в срок до 15.11.2017. При таких обстоятельствах суд считает ходатайство ответчика не подлежащим удовлетворению. Руководствуясь статьями 110, 168-171 Арбитражного процессуального кодекса Российской Федерации, суд",частично,Н.Н.Какушкина,Томск,"{'гк': [15, 309, 333, 393, 395, 469, 475, 518, 523, 1107], 'апк': [49, 65, 71, 110, 156, 168, 169, 170, 171, 324]}"
"вии с Постановлением Правительства РФ от 06.05.2011 N 354 (ред. от 29.06.2016) ""О предоставлении коммунальных услуг собственникам и пользователям помещений в многоквартирных домах и жилых домов"". На основании изложенного, суд находит требование АО «СИБЭКО» к ЗАО «МКС-Новосибирск» о взыскании денежных средств в размере 218 270 руб. 58 коп. задолженности за потребление тепловой энергии и горячей воды обоснованными, документально подтвержденными, а потому подлежащими удовлетворению судом. Кроме того, за предыдущий период имеется решение арбитражного суда по делу №А45-27774/2015, вступившее в законную силу, об удовлетворении исковых требования акционерного общества «СИБЭКО». Расходы по государственной пошлине распределяются в порядке статьи 110 Арбитражного процессуального кодекса Российской Федерации и относятся на ответчика пропорционально удовлетворенным требованиям. Руководствуясь статьями 110, 167-170, 171, 176 Арбитражного процессуального кодекса Российской Федерации, арбитражный суд",принято,Л.А. Кладова,Новосибирск,"{'гк': [54, 307, 309, 544], 'апк': [65, 110, 123, 167, 168, 169, 170, 171, 176]}"
"ветчика, изложенные в отзыве, об отсутствии оснований для удовлетворения иска, поскольку поставленный истцом товар ответчиком возвращен поставщику (истцу), в подтверждение чего представлена товарно-транспортная накладная от 04.10.2016 № 40900-00001. Данное обстоятельство истцом не оспаривается. Таким образом, исковые требования удовлетворению не подлежат. В соответствии со ст. 110 АПК РФ судебные расходы по оплате госпошлины относятся на истца и поскольку истцу была предоставлена отсрочка уплаты госпошлины, подлежит взысканию в доход федерального бюджета. При этом, суд отклоняет доводы ответчика о невозможности возложить на него обязанность по уплате госпошлины ввиду того, что ответчик находится в процедуре банкротства и находится в трудном финансовом положении, принимая во внимание, что ответчиком поставленный истцом товар возвращен истцу после принятия рассматриваемого иска к производству. Учитывая изложенное, руководствуясь ст. ст. 110, 167-171, 176 АПК РФ, Арбитражный суд г. Москвы",отказано,Н.Я. Гараева,Москва,{}
"чаях, при этом присужденная денежная сумма не может быть меньше той, которая была бы начислена на сумму долга исходя из однократной учетной ставки Банка России. Размер неустойки за несвоевременное исполнение заказчиком обязательств по оплате (из расчете 0,04%) был согласован сторонами в договоре. Примененная ставка составляет 14,6 % годовых, что ниже двукратной ставки рефинансирования. Ответчиком не представлены доказательства наличия исключительных случаев, позволяющих суду снизить неустойку. Таким образом, суд полностью удовлетворяет исковые требования. Согласно статье 110 Арбитражного процессуального кодекса Российской Федерации судебные расходы, понесенные лицами, участвующими в деле, в пользу которых принят судебный акт, взыскиваются арбитражным судом со стороны. На основании указанной нормы суд взыскивает с ответчика в пользу истца госпошлину в сумме 14 418 рублей. Руководствуясь статьями 110, 167-171, 176 Арбитражного процессуального кодекса Российской Федерации, арбитражный суд",отказано,О.А. Коновалова,поддержал,"{'гк': [333], 'апк': [110, 167, 168, 169, 170, 171, 176]}"
"тельств, связывающих его и должника, и его место в указанных договорных обязательствах занял цессионарий - ООО ""Магнит"". Согласно части 2 статьи 44 Арбитражного процессуального кодекса Рос- сийской Федерации истцами в арбитражном процессе являются организации и граждане, предъявившие иск в защиту своих прав и законных интересов. Поскольку истец утратил право требования к ответчику задолженности по лизинговым платежам по договору лизинга от 08.06.2007 №114-Л в связи с уступкой данного права обществу ""Магнит"" в соответствии с договором от 14.10.2015, оснований для удовлетворения исковых требований не имеется. В соответствии со статьей 110 Арбитражного процессуального кодекса Рос- сийской Федерации госпошлина относится на истца и подлежит взысканию в до- ход федерального бюджета в связи с предоставленной истцу отсрочкой в ее уплате при принятии искового заявления к производству. Руководствуясь статьями 110, 167-170 Арбитражного процессуального кодекса Российской Федерации, арбитражный суд",отказано,В.А. Сельдемирова,Рязань,"{'апк': [49, 110, 156, 167, 168, 169, 170], 'гк': [8, 307, 382, 384, 1102]}"
"зыскания страховых взносов за период 2009, 2010 года, а также отсутствие доказательств уважительности причин пропуска срока, суд не находит оснований для удовлетворения данного ходатайства и отказывает заявителю в А43-31581/2016 4 восстановлении пропущенного срока подачи заявления и соответственно в удовлетворении заявленных требований. С учетом вышеизложенного, правовые основания для взыскания с ответчика, предъявляемых в рамках настоящего дела недоимки и пени, отсутствуют. При таком исходе дела расходы по государственной пошлине в порядке части 1 статьи 110 Арбитражного процессуального кодекса Российской Федерации подлежат отнесению на заявителя. Поскольку Фонд социального страхования в силу пункта 1.1 части 1 статьи 333.37 Налогового кодекса Российской Федерации освобожден от уплаты государственной пошлины, вопрос о ее распределении судом не рассматривается. Руководствуясь статьями 110, 167 - 170, 176, 180, 181, 229, 319 Арбитражного процессуального кодекса Российской Федерации, суд",отказано,Е.А.Назарова,Нижний,"{'нк': [46], 'апк': [110]}"
"ншизы) = 12 900 руб. 61 коп. (франшиза на сумму с износом). Таким образом, 60 144 руб. 04 коп. - 12 900 руб. 61 коп. = 47 243 руб. 43 коп. (к возмещению), из которых выплачено ответчиком 34 002 руб. 62 коп., в связи с чем задолженность составяет 13 240 руб. 81 коп. Также суд отклоняет заявленное ответчиком ходатайство о назначении судебной автотехнической экспертизы на основании ч.2 ст. 108 АПК РФ с учетом правовой позиции ВАС РФ, изложенной в п.22 Постановления пленума № 23 от 04.04.2014, поскольку на предложение суда ответчиком не представлено ни кандидатур экспертных организаций, ни внесены на депозит суда средства для оплаты услуг экспертов. На основании изложенного, ст.ст. 931, 965, 1064, 1072, 1079 Гражданского кодекса РФ, Федерального закона от 25.04.2002 № 40-ФЗ «Об обязательном страховании гражданской ответственности владельцев транспортных средств», ст.ст.41, 64-65, 70-71, 110, 121-123, 136- 137, 156, 167, 170-176 Арбитражного процессуального кодекса Российской Федерации, суд",частично,Д.В.Котельников,Москва,{}
"ующих оплате, ответчик в порядке статьи 65 АПК РФ не доказал. Таким образом, поскольку просрочка оплаты подтверждается материалами дела, истец правомерно, в силу ст. ст. 330 Гражданского кодекса Российской Федерации, предъявил требование о взыскании с ответчиков пени. Понесенные расходы истца по оплате государственной пошлины в общей сумме 25 717 руб. 56 коп. относятся на ответчиков пополам (ст.110 Арбитражного процессуального кодекса Российской Федерации). Так как сумме удовлетворенных требований по ответчику – 1 соответствует госпошлина 33 710 руб., то с ответчика -1 в доход федерального бюджета следует взыскать 20 851 руб. 22 коп. госпошлины. Так как сумме удовлетворенных требований по ответчику – 2 100240_5985686 12 соответствует госпошлина 16 695 руб., то с ответчика -2 в доход федерального бюджета следует взыскать 3 836 руб. 22 коп. госпошлины. На основании изложенного, руководствуясь ст. 110, 167-170, 171 Арбитражного процессуального кодекса Российской Федерации, арбитражный суд",отказано,Е.В.Селивёрстова,Екатеринбург,"{'гк': [216, 299], 'жк': [153]}"
"есяца, следующего за отчетным. Согласно части 1 статьи 330 ГК РФ неустойкой (штрафом, пеней) признается определенная законом или договором денежная сумма, которую должник обязан уплатить кредитору в сумме неисполнения или ненадлежащего исполнения обязательства, в частности, в случае просрочки исполнения. Договорная неустойка устанавливается по соглашению сторон договора, которые самостоятельно определяют ее размер, порядок исчисления и условия применения. Согласно расчету Истца на дату рассмотрения дела в суде размер неустойки подлежащей уплате составляет 321 258 руб. 58 коп. Расчет неустойки судом проверен, признан правильным, следовательно требование Истца о взыскании с Ответчика неустойки в размере 321 258 руб. 58 коп. также подлежит удовлетворению. Поскольку заявленные требования удовлетворены, государственную пошлину суд на основании статьи 110 АПК РФ относит на ответчика. Руководствуясь статьями 167-170, 171, 180, 181 Арбитражного процессуального кодекса Российской Федерации, суд",частично,Драпезо В.Я.,Кемерово,"{'апк': [49, 123, 167, 168, 169, 170, 171, 180, 181], 'гк': [309]}"
" факт нарушения последним графика погашения займов и уплаты начисленных процентов, в связи с чем суд признает обоснованным, соответствующим положениям ст.ст.810-811 и 819-820 ГК РФ, а также п.3.1 договоров займа досрочное 2 истребование банком задолженности по займам, направленное в адрес ответчика письмом 09.10.2015. В связи непредставлением ответчиком доказательств погашения досрочно истребованных займов и в отсутствие возражений ответчика, суд на основании положений ст.ст.309-310, 314, 809-811 и 819-820 ГК РФ, признает обоснованным требование о взыскании задолженности по состоянию на 26.08.2018 в размере 282 610 руб. 99 коп. по займам и по процентам за пользование займами в размере 267 278 руб. 06 коп., расчет которых судом проверен и признан правильным и обоснованным, соответствующим обстоятельствам дела и условиям договора; нарушений положений ст.319 ГК РФ при определении суммы долга не установлено. На основании изложенного, руководствуясь ст.ст. 110, 167-171, 172, 176 АПК РФ, суд",отказано,Д.В.Котельников,Москва,{}
"тоятельствами не вытекает из иных доказательств, обосновывающих представленные возражения относительно существа заявленных требований. Ответчик исковые требования по существу не оспорил. При таких обстоятельствах, суд признает требования истца о взыскании с ответчика 1 177 300 руб. задолженность по договору № ТМ 1202/13 от 27.12.2013, 77 638 руб. 43 коп. задолженность по договору № ТМ-8585/0370-15447/14 от 01.12.2014, обоснованными. С учетом изложенного, арбитражный суд, исследовав и оценив представленные в деле доказательства в их совокупности и взаимосвязи в соответствии со статьей 71 Арбитражного процессуального кодекса Российской Федерации, считает, что в силу указанных норм закона исковые требования истца подлежат удовлетворению. В соответствии со статьей 110 Арбитражного процессуального кодекса Российской Федерации расходы по уплате госпошлины подлежат взысканию с ответчика. Руководствуясь статьями 167-170 Арбитражного процессуального кодекса Российской Федерации, арбитражный суд",частично,С.Ю.Ибрагимова,Иркутск,"{'апк': [9, 70, 71, 110, 156, 167, 168, 169, 170], 'гк': [58, 309, 310]}"
"Российской Федерации собственник вправе истребовать свое имущество из чужого незаконного владения. Одним из условий истребования имущества из чужого незаконного владения является возможность его индивидуализации и идентификации, что подтверждается сложившейся судебной практикой: Определение Верховного Суда РФ от 11.02.2014 № 4-КГ13-35, Определение Верховного Суда РФ от 10.12.2013 № 57-КГ13-9, Постановление Президиума ВАС РФ от 13.09.2011 № 3413/11 по делу № А56-7754/2009, Постановление Президиума ВАС РФ от 09.02.2010 № 13944/09 по делу № А56-31225/2008, Постановление Президиума ВАС РФ от 30.09.2008 № 8356/08 по делу № А41-К1-10034/05. Однако возможность индивидуализации и идентификации имущества, являющегося предметом иска, отсутствует, что исключает возможность его идентификации. При таких обстоятельствах исковые требования не подлежат удовлетворению. Исходя из вышеизложенного и руководствуясь ст.ст. 167 – 170, 174 Арбитражного процессуального кодекса РФ, Арбитражный суд города Москвы",принято,М.Ю. Махалкин,Москва,{'гк': [301]}
"» не поступило. А56-57402/2016 6 В соответствии с ч. 2 ст. 1107 ГК РФ на сумму неосновательного денежного обогащения подлежат начислению проценты за пользование чужими средствами (на основании ст. 395 ГК РФ) с того времени, когда приобретатель узнал или должен был узнать о неосновательности получения или сбережения денежных средств. При расчете процентов за пользование чужими денежными средствами должна учитываться сумма задолженности в размере 271 448, 33 руб., соответствующему перерасчету подлежит и сумма процентов за пользование чужими денежными средствами – требования подлежат удовлетворению в сумме 8.202,18 руб. Принимая во внимание вышеизложенное, исковые требования подлежат частичному удовлетворению, с отнесением расходов по госпошлине, на основании статьи 110 АПК РФ, на сторон пропорционально удовлетворенным требованиям. Руководствуясь статьями 110, 167-171 Арбитражного процессуального кодекса Российской Федерации, Арбитражный суд города Санкт-Петербурга и Ленинградской области",частично,Орлова Е.А.,Санкт-Петербург,"{'апк': [110, 167, 168, 169, 170, 171]}"
"дачи разногласий, возникших при заключении договора, на рассмотрение суда на основании статьи 445 Гражданского кодекса Российской Федерации либо по соглашению сторон условия договора, по которым у сторон имелись разногласия, определяются в соответствии с решением суда. На основании изложенного, суд отказывает в удовлетворении требований истца об урегулировании разногласий при заключении дополнительного соглашения к договору № М-01-033229 от 31.05.2007 г. в редакции ООО ""ПРОГРЕСС-МАРКЕТ"" и считает возможным урегулировать разногласия, возникшие при заключении дополнительного соглашения к договору аренды земельного участка от 31.05.2007г. № М-01-0333229 в редакции проекта Департамента городского имущества города Москвы. В соответствии со ст.ст. 102 и 110 АПК РФ госпошлина по иску относится на истца. С учетом изложенного, на основании ст.ст. 164, 425, 433, п. 2 ст. 445, 606, 609 ГК РФ, ст.ст. 39, 65 ЗК РФ, руководствуясь ст.ст. 49, 65, 102, 110, 123, 156, 167-171, 176, 180, 181 АПК РФ, суд",отказано,Ю.А. Скачкова,Москва,"{'гк': [445, 446, 552]}"
"в процессе исполнения судебного акта судебным приставом-исполнителем. При этом день фактического исполнения нару- шенного обязательства, в частности, день уплаты задолженности кредитору, включается в период расчёта неустойки. При таких обстоятельствах, исковые требования акционерного общества «Тываэнер- госбыт» подлежат удовлетворению в полном объёме. В соответствии со статьей 333.17. Налогового кодекса Российской Федерации пла- тельщиками государственной пошлины признаются организации, если они выступают от- ветчиками в арбитражных судах, и если при этом решение суда принято не в их пользу и истец освобожден от уплаты государственной пошлины в соответствии с настоящей гла- вой. Размер государственной пошлины по настоящему делу составляет 26 862 руб. Поскольку истцу предоставлялась отсрочка уплаты государственной пошлины, её уплату следует отнести на ответчика. Руководствуясь статьями 110, 167-171, 176, 180, 181 Арбитражного процессуального кодекса Российской Федерации, арбитражный суд",частично,Ш.С.Чигжит,Кызыл,"{'апк': [49, 110, 167, 168, 169, 170, 171, 176, 180, 181], 'гк': [314, 330, 331, 539, 544]}"
"нему убеждению, основанному на всестороннем, полном, объективном и непосредственном исследовании имеющихся в деле доказательств, суд пришел к выводу, что отсутствовали уважительные причины, которые объективно препятствовали налоговому органу своевременно обратиться в суд с заявлением о взыскании недоимки. При таких обстоятельствах арбитражный суд не усматривает оснований для удовлетворения заявления ИФНС по Центральному району г.Тулы о восстановлении пропущенного срока, установленного пунктом 3 статьи 46 Налогового кодекса Российской Федерации для подачи заявления о взыскании задолженности по налогу и пени, и отказывает заявителю в удовлетворении ходатайства. Поскольку пропуск срока на обращение в арбитражный суд является самостоятельным основанием для отказа в удовлетворении требований, то требование налогового органа о взыскании задолженности в размере 32 534 руб. 69 коп. подлежит отклонению. На основании вышеизложенного и, руководствуясь ст.ст. 167-170, 216 АПК РФ, 7 арбитражный суд",отказано,Л.В.Елисеева,Тула,"{'нк': [23, 44, 45, 46, 75, 115], 'апк': [227]}"
"ю 181.5 ГК РФ, однако не приводит каких-либо обстоятельств в ней указанных. Также Истцом не опровергнуто возражения конкурсного управляющего ООО «Производственные фонды» о том, что в случае признания Ответчика банкротом, Истец в любом случае вправе реализовать свое право на подачу заявления о включении А45-19449/2016 10 его требования в реестр кредиторов, которое будет проверено в соответствии с нормами ст.100 ФЗ «О несостоятельности (банкротстве»). Таким образом, принятие обжалуемого решения не повлияло на права и обязанности Должника по договору ипотеки. Истец не доказал нарушение своих прав. Представленная Истцом таблица, содержащая сведения об обращении ООО «Сибфинресурс» с 12 заявлениями в Арбитражный суд Новосибирской области с различными требованиями, не имеет отношения к доказательствам по настоящему делу. Расходы по госпошлине суд относит на истца. На основании изложенного, руководствуясь статьями 110, 167-171, 176 Арбитражного процессуального кодекса Российской Федерации, суд",отказано,А.А. Уколов,Новосибирск,"{'апк': [65, 110, 167, 168, 169, 170, 171, 176]}"
"ельных этапов не приведет к нарушению баланса имущественных интересов обеих сторон государственного контракта. Данные сроки обе стороны также признали объективными и реальными к исполнению. Таким образом, требования Общества о внесении изменений в контракт признаются судом обоснованными и подлежат удовлетворению. Поскольку основанием для удовлетворения данного иска послужило наступление обстоятельств, не зависящих от воли обеих сторон, то суд по- лагает, что справедливым и разумным будет обоюдное участие в равных долях как истца, так и ответчика, в судебных расходах по уплате государ- ственной пошлины за его рассмотрение. В связи с этим в соответствии со статьей 110 Арбитражного процессуального кодекса Российской Федерации расходы истца по уплате государственной пошлины в размере ½ части, что составляет 3 000 рублей, подлежат отнесению на ответчика. Руководствуясь статьями 110, 167-171, 176 Арбитражного процессу- ального кодекса Российской Федерации, Арбитражный суд Вологодской области",принято,Т.Б.Виноградова,Череповца,{'апк': [110]}
"ившего ДТП возложена на потерпевшего или выгодоприобретателя, в указанном пункте нет указаний на возможность предоставления независимой экспертизы по определению стоимости страхового возмещения вместо поврежденного транспортного средства. В этой связи суд приходит к выводу о надлежащем и полном исполнении страховщиком своих обязанностей перед страхователем. Таким образом, оснований для взыскания с ответчика заявленной суммы страхового возмещения в размере 202,50 руб. у суда не имеется. Как следствие этому, суд отказывает истцу во взыскании расходов на проведение экспертизы в сумме 8 500 руб., поскольку последние при названных обстоятельствах не могут быть включены в состав убытков. При таких обстоятельствах суд отказывает истцу в удовлетворении иска в полном объеме. А51-18452/2016 6 Заявленные расходы на оплату слуг представителя и уплату государственной пошлины по правилам статьи 110 АПК РФ также не подлежат возмещению. Руководствуясь статьями 110, 167-171, 229 АПК РФ, арбитражный суд",отказано,Краснов В.В.,Владивосток,{}
"ветствии с положениями Федерального закона от 02.10.2007 № 229-ФЗ, то штраф по правилам ст. 332 АПК РФ наложен на нее быть не может. В этом случае привлечение службы судебных приставов к ответственности за не совершение всех необходимых действий по исполнению переданного на исполнение судебного акта арбитражного суда осуществляется в порядке, предусмотренном специальными нормами, и рассматривается арбитражным судом по правилам, установленным гл. 24 АПК РФ. В соответствии с ч. 3 ст. 201 АПК РФ, в случае, если арбитражный суд установит, что оспариваемый ненормативный правовой акт, решения и действия (бездействие) органов, осуществляющих публичные полномочия, должностных лиц соответствуют закону или иному нормативному правовому акту и не нарушают права и законные интересы заявителя, суд принимает решение об отказе в удовлетворении заявленного требования. 71_5457012 7 Руководствуясь статьями 110, 167 – 170, 176, 201 Арбитражного процессуального кодекса Российской Федерации, арбитражный суд",отказано,М.В.Афанасьева,Москва,{}
"ченной разницы между страховым возмещением и фактическим размером ущерба, заявленные требования истца подлежат удовлетворению в полном объеме. Ответчик требования по существу не оспорил, отзыв на иск не представил. С учетом изложенного, арбитражный суд, исследовав и оценив представленные в деле доказательства в их совокупности и взаимосвязи в соответствии со статьей 71 Арбитражного процессуального кодекса Российской Федерации, считает, что истец не доказал противоправность поведения ответчика и причинно-следственную связь между его противоправным поведением и наступлением вреда и в силу указанных норм закона исковые требования о взыскании с ответчика основного долга в размере 244 585 руб., заявлены обосновано и подлежат удовлетворению. 7 Расходы по уплате государственной пошлины, согласно статье 110 Арбитражного процессуального кодекса Российской Федерации, относятся на ответчика. Руководствуясь статьями 167-170 Арбитражного процессуального кодекса Российской Федерации, арбитражный суд",частично,С.Ю.Ибрагимова,Иркутск,"{'апк': [65, 71, 110, 156, 167, 168, 169, 170], 'гк': [15, 387, 965, 1064, 1068, 1072]}"
"й сложности, оно не является сложным ни по объему, ни по предмету доказывания, с учетом того факта, что ответчиком в материалы дела отзыв, ходатайства и доказательства не представлялись. Учитывая изложенное, заявление истца о взыскании судебных расходов на оплату услуг представителя подлежит удовлетворению в разумных пределах - в размере 30 000 руб. В соответствии с ч. 1 ст. 71 АПК РФ арбитражный суд оценивает доказательства по своему внутреннему убеждению, основанному на всестороннем, полном, объективном и непосредственном исследовании имеющихся в деле доказательств. Согласно ст. 65 АПК РФ каждое лицо, участвующее в деле, должно доказать обстоятельства, на которые оно ссылается как на основание своих требований и возражений. В соответствии со ст.ст. 102, 110 АПК РФ госпошлина по иску относится на ответчика. С учетом изложенного, на основании ст.ст. 8, 11, 12, 309, 310, 361, 365, 395 ГК РФ, руководствуясь ст.ст. 9, 65-68, 71, 75, 102, 110, 121, 123, 156, 167-171, 180, 181 АПК РФ, суд 5",частично,Л.Н. Агеева,Москва,{}
"ированных возражений по существу иска ответчиком в материалы дела не представлено, исковое требование о взыскании задолженности в сумме 71 539,39 руб. за сентябрь 2016 года подлежит удовлетворению в полном объеме. Поскольку нарушение ответчиком сроков исполнения обязательства по оплате тепловой энергии (тепловой мощности) подтверждено материалами дела, ответственность за нарушение предусмотрена законом, требование истца о взыскании пени в размере 19 492,55 руб., начисленных за период с 21.06.2016 по 21.11.2016 по задолженности за апрель, сентябрь 2016 года, подлежит удовлетворению на основании статьи 330 ГК РФ, а также вступивших с 01.01.2016 требований ч. 6.3 ст. 13 Федерального закона от 07.12.2011 N 416-ФЗ ""О водоснабжении и водоотведении"" и ч. 9.2 ст. 15 Федерального закона от 27.07.2010 N 190-ФЗ ""О теплоснабжении"". Расходы по уплате государственной пошлины в порядке ч. 1 ст. 110 АПК РФ относятся на ответчика. Руководствуясь статьями 49, 104, 110, 150, 167-170, 176, 319 АПК РФ, суд",отказано,Д.В. Полозова,0,{}
" процентов за пользование чужими денежными средствами, расчет которых по состоянию на 20.06.2016 в размере 194 516 руб. 28 коп. судом проверен и признан правильным, соответствующим обстоятельствам дела. Суд отклоняет доводы ответчика об отсутствии задолженности по договору, так как акт сверки составлен сторонами в отношении основного долга – стоимости товара, в то время как транспортные расходы таковыми не являются. Условие договора о взыскании транспортных расходов не оспорено, о фальсификации не заявлено, в связи с чем является подлежит исполнению каждой из сторон сделки. Также суд отмечает, что наличие либо отсутствие оплаты товара не является обязательным условием для оплаты транспортных расходов. Предоставленное ответчиком письмо №RUL-03-02-05 от 03.02.2016 к рассмотрению настоящего спора не относится, так как поступило ответчику раньше, чем была направлена претензия (письмо №22-02/16 т 16.02.2016). На основании изложенного, руководствуясь ст.ст. 110, 167-171, 172, 176 АПК РФ, суд",частично,Д.В.Котельников,Москва,{}
"вом регулировании, иск подлежит удовлетворению полностью, всего с ответчика подлежит взысканию 6 714 707,82 рублей, в том числе 3 920 187,12 рублей основного долга и 2 794 520,70 рублей пени. Истец в силу пункта 1 части 1 ст. 333.37 Налогового кодекса Российской Федерации освобожден от уплаты государственной пошлины. Статья 110 Арбитражного процессуального кодекса Российской Федерации предусматривает, что государственная пошлина, от уплаты которой в установленном порядке истец был освобожден, взыскивается с ответчика в доход федерального бюджета пропорционально размеру удовлетворенных исковых требований, если ответчик не освобожден от уплаты государственной пошлины. Таким образом, с учетом положения подпункта 1 пункта 1 статьи 333.21 Налогового кодекса Российской Федерации, исходя из размера удовлетворенных исковых требований, с ответчика в доход федерального бюджета подлежит взысканию государственная пошлина в размере 56 574,00 рублей. Руководствуясь статьями 110, 167-170, 176 АПК РФ,",частично,Е.А. Евсеева,0,"{'апк': [49, 110], 'гк': [8, 333], 'зк': [65]}"
"живать имущество в исправном состоянии, производить за свой счет текущий ремонт и нести расходы на содержание имущества, если иное не установлено законом или договором аренды. Согласно пункту 3.3.1 договоров аренды расходы по предоставлению коммунальных и иных услуг не входят в арендную плату и оплачиваются арендатором сверх арендной платы на основании заключенных сторонами договоров. Факт несения арендодателем расходов на оплату коммунальных услуг подтвержден материалами дела. Расчет задолженности судом проверен и признан правильным. Поскольку в нарушение статьи 65 Арбитражного процессуального кодекса Российской Федерации ответчик не представил в материалы дела доказательств возмещению истцу расходов на оплату коммунальных услуг в спорной сумме, требования истца являются правомерными и удовлетворяются судом в полном объеме. Расходы по государственной пошлине относятся на ответчика. Руководствуясь статьями 110, 167-170, 319 Арбитражного процессуального кодекса Российской Федерации, суд",принято,О.В. Игнатьева,Арзамас,"{'апк': [65, 110, 123, 156, 167, 168, 169, 170, 319], 'гк': [309, 310, 616]}"
"процессуального кодекса Российской Федерации арбитражный суд, установив, что оспариваемый ненормативный правовой акт, решение и действия (бездействие) органов, осуществляющих публичные полномочия, должностных лиц не соответствуют закону или иному нормативному правовому акту и нарушают права и законные интересы заявителя в сфере предпринимательской и иной экономической деятельности, принимает решение о признании ненормативного правового акта недействительным, решений и действий (бездействия) незаконными. При таких обстоятельствах суд пришел к выводу о том, что требования Общества с ограниченной ответственностью ""Ангара плюс"" законны, обоснованы, документально подтверждены, заявление подлежит удовлетворению. В силу пункта 1 статьи 110 Арбитражного процессуального кодекса Российской Федерации расходы по уплате государственной пошлины в размере 3000 руб. возлагаются на ответчика. Руководствуясь статьями 167-170, 201 Арбитражного процессуального кодекса Российской Федерации, арбитражный суд",частично,Е.И. Верзаков,Иркутск,"{'нк': [3, 166, 170, 171, 172], 'апк': [110, 167, 168, 169, 170, 201]}"
"конным интересам, соответствовать характеру совершенного деяния, принимая во внимание, что заинтересованное лицо ранее к административной ответственности не привлекалось (доказательств обратного в материалах дела не имеется), исходя из баланса публичных и частных интересов, суд находит возможным наложить на заинтересованное лицо штраф в минимальном размере санкции, предусмотренной ч. 2 ст. 14.1 КоАП РФ в виде штрафа в размере 4000 рублей. Кроме того, согласно протоколу от 31.10.2016 приема и осмотра добровольно выданного вещества, полученного при проверочной закупки у предпринимателя изъята алкогольная продукция. Поскольку заинтересованное лицо не имеет лицензии на реализацию алкогольной продукции, то изъятую у него находящуюся в незаконном обороте алкогольную продукцию следует конфисковать. На основании изложенного требования заявителя подлежат удовлетворению. 124570273_5985493 5 Руководствуясь ст. 167-170, 206 Арбитражного процессуального кодекса Российской Федерации, арбитражный суд",принято,П.Н.Киреев,Екатеринбург,{'гк': [49]}
"тветчик не лишен возможности обратиться в суд с требованием о взыскании неустойки за нарушение сроков поставки товара. Довод о неверном начислении суммы неустойки, необходимости ее исчисления, исходя из суммы неоплаченного товара, отклоняется судом, как противоречащий согласованному сторонами условию приложений к контракту, в частности, п. 3.3 приложения № 2. Довод о несоблюдении истцом претензионного порядка отклоняется судом, как опровергающийся материалами дела. При этом, суд принимает во внимание, что истцом в адрес ответчика неоднократно направлялись претензии, однако ответчик акцентирует внимание лишь на претензии, направленной непосредственно перед подачей иска в суд. Кроме того, материалы дела содержат гарантийные письма ответчика, которых содержится обязательство по скорейшей оплате долга. В соответствии со ст. 110 АПК РФ судебные расходы по оплате госпошлины относятся на ответчика. Учитывая изложенное, руководствуясь ст. ст. 110, 167-171, 176 АПК РФ, Арбитражный суд г. Москвы",принято,Н.Я. Гараева,Москва,{}
"ериод с 31.07.2014 по 29.11.2016 в материалах дела имеется и признается судом правильным. Елин Г.А. доказательств оплаты взыскиваемых процентов не представил, хотя суд определением от 29.08.2016 предложил ему это сделать. При таких обстоятельствах по делу суд удовлетворяет иск. Рассмотрев ходатайство Елина Г.А. об уменьшении размера взыскиваемых процентов, суд отказал в его удовлетворении, поскольку к размеру процентов, взыскиваемых по пункту 1 статьи 395 ГК РФ, по общему правилу, положения статьи 333 Гражданского кодекса Российской Федерации не применяются (абзац 4 пункта 48 Постановления Пленума Верховного Суда РФ от 24.03.2016 № 7 «О применении судами некоторых положений Гражданского кодекса Российской Федерации об ответственности за нарушение обязательств»). На основании статей 110 и 112 Арбитражного процессуального кодекса Российской Федерации расходы по иску относятся на ответчика. Руководствуясь статьями 167-171, 319 Арбитражного процессуального кодекса Российской Федерации, суд",принято,Р.Ю. Олисов,0,"{'гк': [333, 395], 'апк': [49, 167, 168, 169, 170, 171, 319]}"
"т приниматься во внимание, в частности: нормы расходов на служебные командировки, установленные правовыми актами; стоимость экономных транспортных А82-13986/2016 4 услуг; время, которое мог бы затратить на подготовку материалов квалифицированный специалист; сложившаяся в регионе стоимость оплаты услуг адвокатов; имеющиеся сведения статистических органов о ценах на рынке юридических услуг; продолжительность рассмотрения и сложность дела (пункт 20 Информационного письма Высшего Арбитражного Суда Российской Федерации от 13.08.2004 N 82 ""О некоторых вопросах применения Арбитражного процессуального кодекса Российской Федерации""). Ответчик является проигравшей стороной по делу, факт оказания истцу юридических услуг и их оплаты подтвержден представленными документами, доказательств неразумности судебных расходов ответчиком не представлено, в связи с чем судебные расходы подлежат взысканию с ответчика в полном объеме. Руководствуясь статьями 110, 167-171 Арбитражного процессуального кодекса РФ",частично,Розова Н.А.,Ярославль,"{'апк': [101, 106, 110]}"
"занные услуги по водоснабжению и водоотведении. Расчет 29 308 рублей 39 копеек неустойки за период с 21.05.2016 по 22.07.2016 в материалах дела имеется и признается судом правильным, поскольку произведен в соответствии с пунктом 14 статьи 155 ЖК РФ, в размере одной трехсотой ставки рефинансирования Центрального банка Российской Федерации. Ответчик в нарушение статьи 65 Арбитражного процессуального кодекса Российской Федерации размер неустойки и период ее начисления не оспорил, контррасчет не представил. Таким образом, требование истца о взыскании 29 308 руб. 39 коп. неустойки за период с 21.05.2016 по 22.07.2016 также заявлено правомерно и подлежит удовлетворению. При таких обстоятельствах по делу суд удовлетворяет иск в полном объеме. На основании статей 110 и 112 Арбитражного процессуального кодекса Российской Федерации расходы по иску относятся на ответчика. Руководствуясь статьями 110, 167-171, 176, 180, 319 Арбитражного процессуального кодекса Российской Федерации, арбитражный суд",отказано,Е.Е.Кабакина,Нижний,"{'гк': [309, 310, 539, 544], 'апк': [65, 110, 156, 167, 168, 169, 170, 171, 176, 180, 319], 'жк': [155]}"
"частвующих в деле. Оценив по правилам, определенным ст. 71 Арбитражного процессуального кодекса Российской Федерации, представленные в материалы дела доказательства в их совокупности и взаимосвязи, с учетом конкретных обстоятельств дела, критерия разумности понесенных расходов, степени сложности дела, достаточности и доступности судебной практики по делам, аналогичным рассматриваемому, сложившуюся в Арбитражном суде Республики Башкортостан судебную практику по вопросам взыскания расходов по оплате услуг представителей по делам, аналогичным рассматриваемому, суд приходит к выводу о разумности расходов истца по оплате услуг представителя в сумме 15 000 руб. В соответствии со ст. 110 Арбитражного процессуального кодекса Российской Федерации расходы по государственной пошлине возлагаются на истца в размере, установленном ст. 333.21 Налогового кодекса Российской Федерации. Руководствуясь ст.ст. 167-170 Арбитражного процессуального кодекса Российской Федерации, арбитражный суд 1135_2637383 8",частично,З.Г.Фазлыева,Уфа,"{'гк': [15, 1079]}"
"их основанием для принятия оспариваемого акта, решения, совершения оспариваемых действий (бездействия), возлагается на орган или лицо, которые приняли акт, решение или совершили действия (бездействие). На основании вышеизложенного, суд пришел к выводу, что заявителем в соответствии с требованиями ст. 65 Арбитражного процессуального кодекса Российской Федерации не представлено убедительных доказательств наличия оснований для признания незаконным бездействия судебных приставов- исполнителей Железнодорожного районного отдела судебных приставов г. Екатеринбурга УФССП по Свердловской области Казанцевой Ю.С. в рамках исполнительного производства № 425/16/66002-ИП выразившихся в непринятии мер по исполнению требований исполнительного документа, а так же по непредставлении информации о ходе исполнительного производства, в связи с чем, заявленные требования удовлетворению не подлежат. Руководствуясь ст. 167-170, 201, 329 Арбитражного процессуального кодекса Российской Федерации, арбитражный суд",отказано,П.Н.Киреев,Екатеринбург,{}
" соответствующим договору. Ответчиком в нарушение требований статьи 65 Арбитражного процессуаль- ного кодекса Российской Федерации не представлено доказательств того, что он отказался от исполнения договора поставки либо потребовал замены товара не- надлежащего качества товаром, соответствующим договору, либо потребовал воз- врата уплаченных денежных средств. Ответчиком не представлено доказательств того, что он отказался от приемки переданного ему поставщиком товара, принял товар на ответственное хранение и уведомил об этом поставщика. Рассмотрение требований ответчика возможно в исковом порядке, однако в порядке статьи 132 Арбитражного процессуального кодекса Российской Федера- ции встречный иск в рамках настоящего дела не заявлен. В соответствии со статьей 110 Арбитражного процессуального кодекса Рос- сийской Федерации расходы по оплате государственной пошлины относятся на ответчика. Руководствуясь статьями 110, 167-171, 176 Арбитражного процессуального кодекса Российской Федерации,",частично,Е.А. Картошкина,Рязань,"{'гк': [307, 309, 310, 329, 330, 333, 454, 475], 'апк': [70, 110, 167, 168, 169, 170, 171, 176]}"
". 79 КВВТ РФ. Согласно п. 6 ст. 79 КВВТ РФ договором перевозки груза может быть предусмотрено, что за время ожидания судном выгрузки и приема груза грузополучателем, а также за время ожидания распоряжения грузоотправителя с грузополучателя взыскивается штраф, предусмотренный пунктом 2 статьи 120 КВВТ РФ, а в случае доставки груза в другой порт грузополучатель компенсирует расходы на выгрузку груза, платежи за хранение груза в порту его вынужденной выгрузки, а также расходы на дополнительную перевозку груза. Ответчик в отзыве указывает, что штраф, установленный п. 2 ст. 120 КВВТ РФ, не может начисляться, поскольку т/х СТ-798 не был подан под выгрузку в пункт назначения (п. Тадебяяха), обязанность по перевозке не выполнена ООО «Сибводгрузтранс», следовательно сверхнормативный простой не возник. Более того, АО «НПЦ «Недра» приступило к выгрузке груза не в пункте назначения. Выгрузка, исходя из позиции, изложенной в исковом заявлении, прекращена по инициативе ООО «Сибгрузводтранс», которое",частично,Митрофанова Г.П.,Ярославль,"{'апк': [110, 167, 168, 169, 170]}"
" бесплатно (по рецепту врача), кроме того ответчиком не доказан возможный размер убытков с учетом отпускной стоимости товара и наличием обращений граждан, обратившихся с заявлениями и жалобами связи с отсутствием препаратов. С учетом изложенного суд не находит оснований для применения ст.333 ГК РФ. Доводы ответчика о списании неустойки суд отклоняет как противоречащие Постановлению Правительства РФ от 14.03.2016 № 190, поскольку размер подлежащих взысканию пени превышает 5% от цены контракта и при этом поставщиком задолженность по контракту не признается, что в силу вышеуказанного постановления, а также Приказов Министерства финансов Российской Федерации от 29.06.2015 №98н и от 12.04.2016 №44н исключает возможность списания 50% пени либо предоставления отсрочки по ее уплате. Расходы по оплате госпошлины подлежат распределению в соответствии со ст. 110 АПК РФ с учетом предоставленной истцу льготе по ее уплате. На основании изложенного руководствуясь ст.ст.64-71, 110, 167-171 АПК РФ, суд",частично,Д.В.Котельников,Москва,{}
" которого наступил либо срок которого не указан или определен моментом востребования. На основании вышеизложенного, в соответствии со ст. 170 АПК РФ, учитывая факт зачета встречных однородных обязательств, задолженность ООО ""САНРАЙЗ ИНЖЕНЕРНЫЕ СЕТИ"" перед фирмой ""АНТ ЯПЫ САНАЙИ ВЕ ТИДЖАРЕТ АНОНИМ ШИРКЕТИ"" в лице Представительства составляет 1 846 399.53 руб. Судебные расходы, понесенные лицами, участвующими в деле, в пользу которых принят судебный акт, взыскиваются арбитражным судом со стороны и распределяются в соответствии со ст. 110 АПК РФ. В связи с удовлетворением первоначальных требований путем зачета при удовлетворении встречных исковых требований государственная пошлина в размере 18 614 руб. подлежит взысканию с ООО ""САНРАЙЗ ИНЖЕНЕРНЫЕ СЕТИ"" в пользу фирмы ""АНТ ЯПЫ САНАЙИ ВЕ ТИДЖАРЕТ АНОНИМ ШИРКЕТИ"" в лице Представительства Руководствуясь ст.ст. 12, 309, 310, 330, 702, 708, 711, 753 Гражданского кодекса РФ, ст.ст. 64-68, 71, 75, 110, 123, 156, 167-170, 176, 180, 181 АПК РФ, суд",частично,Е.Ю. Агафонова,Москва,"{'гк': [309, 310, 401, 410, 702, 753]}"
"т из условий договора аренды лесного участка № ИЛУ от 28.12.2014 г., заключенного ИП Киреев Кирилл Павлович с департаментом по охране окружающей среды и природных ресурсов (в настоящее время стороной договора является комитет дорожного хозяйства, благоустройства и охраны окружающей среды администрации Волгограда), арендодатель вправе: согласовывать передачу прав и обязанностей по договору аренды. Однако указанное условие не влечет за собой возникновения обязанности в даче такого согласия. Таким образом, суд считает, что Комитетом обоснованно отказано в согласовании передачи прав и обязанностей по Договору аренды лесного участка Кирееву В.П. от Юдиной А.А. Киреев В.П. не лишен права приобретения прав и обязанностей по договору аренды земельного участка путем участия в аукционе по продаже права заключения договор аренды лесных участков. При таких обстоятельствах, в удовлетворении требовании отказать. Руководствуясь ст.167-170 Арбитражного процессуального кодекса Российской Федерации, суд",отказано,А.В. Пономарев,Волгоград,"{'апк': [198], 'лк': [71]}"
"ой деятельности, а также право частной собственности. Оспариваемое предписание соответствует требованиям конкретности и исполнимости, в связи с чем, не нарушает прав и законных интересов Общества в сфере предпринимательской и иной экономической деятельности. Кроме того, предписание соответствует характеру выявленных нарушений, направлено на устранение нарушений на обеспечение соблюдения прав собственников помещений многоквартирного жилого дома по адресу: г. Орел, ул. Комсомольская, д. 204. На основании вышеизложенного, в удовлетворении требований ООО «ЖЭУ № 10» о признании недействительным предписания Управления государственной жилищной инспекции Орловской области об устранении нарушений лицензионных требований от 22.08.2016 № 794 следует отказать в полном объеме. 25 В соответствии со статьей 110 АПК РФ судебные расходы по уплате государственной пошлины ложатся на заявителя. Руководствуясь статьями 167-170, 201 Арбитражного процессуального кодекса Российской Федерации, арбитражный суд:",отказано,Ю.В. Полинога,Орел,"{'гк': [2, 13], 'жк': [20, 36, 161], 'апк': [167, 168, 169, 170, 201]}"
"Российской Федерации, согласно которым обязательства должны исполняться надлежащим образом в соответствии с условиями обязательства и требованиями закона, иных правовых актов. Односторонний отказ от исполнения обязательства и одностороннее изменение его условий не допускаются. Обстоятельства, положенные истцом в основание заявленного иска, ответчиком не оспорены, документы, свидетельствующие о возмездном потреблении энергии ответчиком не представлены. При указанных обстоятельствах и в соответствии со ст. ст. 309, 310 Гражданского кодекса Российской Федерации, с ответчика подлежит взысканию задолженность за июнь, июль 2016 года в сумме 1 435 654руб. 51коп. Расходы по государственной пошлине по иску в силу части 1 статьи 110 Арбитражного процессуального кодекса Российской Федерации относятся на ответчика и подлежат взысканию в пользу истца. А55-25900/2016 4 Руководствуясь ч. 1 ст. 110, ст.ст. 167-171, 180-182, ч.1 ст. 259, ст. 319 Арбитражного процессуального кодекса Российской Федерации",отказано,А.Н. Шабанов,Самара,"{'гк': [424, 541, 544], 'апк': [9, 65, 110]}"
"и водоотведения ответчиком не представлены. Действующим гражданским законодательством Российской Федерации установлен принцип возмездного перехода ценностей в гражданском обороте между хозяйствующими субъектами, согласно которому оказывающий услуги исполнитель вправе рассчитывать на встречное исполнение со стороны заказчика в виде оплаты стоимости оказанных услуг. Поскольку доказательств погашения задолженности ответчиком не представлено, требования истца о взыскании задолженности за июнь, июль, август 2016 года в размере 3 051 733руб. 64коп., являются обоснованным и подлежащими удовлетворению. Расходы по государственной пошлине по иску в силу части 1 статьи 110 Арбитражного процессуального кодекса Российской Федерации относятся на ответчика и подлежат взысканию в доход федерального бюджета, так как истцу была предоставлена отсрочка уплаты государственной пошлины. Руководствуясь ч. 1 ст. 110, ст.ст. 167-170, 180-182, ч.1 ст. 259 Арбитражного процессуального кодекса Российской Федерации",отказано,А.Н. Шабанов,Самара,"{'апк': [9, 41, 65, 66, 110, 123, 156], 'гк': [424, 541, 544]}"
"Российской Федерации, согласно которым обязательства должны исполняться надлежащим образом в соответствии с условиями обязательства и требованиями закона, иных правовых актов. Односторонний отказ от исполнения обязательства и одностороннее изменение его условий не допускаются. Обстоятельства, положенные истцом в основание заявленного иска, ответчиком не оспорены, документы, свидетельствующие о возмездном потреблении энергии ответчиком не представлены. При указанных обстоятельствах и в соответствии со ст. ст. 309, 310 Гражданского кодекса Российской Федерации, с ответчика подлежит взысканию задолженность за июнь, июль 2016 года в сумме 1 435 654руб. 51коп. Расходы по государственной пошлине по иску в силу части 1 статьи 110 Арбитражного процессуального кодекса Российской Федерации относятся на ответчика и подлежат взысканию в пользу истца. А55-25900/2016 4 Руководствуясь ч. 1 ст. 110, ст.ст. 167-171, 180-182, ч.1 ст. 259, ст. 319 Арбитражного процессуального кодекса Российской Федерации",отказано,А.Н. Шабанов,Самара,"{'гк': [424, 541, 544], 'апк': [9, 65, 110]}"
"5 Закона о банкротстве по результатам рассмотрения представленной саморегулируемой организацией арбитражных управляющих информации о соответствии кандидатуры арбитражного управляющего требованиям, предусмотренным статьями 20 и 20.2 настоящего Федерального закона арбитражный суд утверждает арбитражного управляющего, соответствующего таким требованиям. Союзом «Саморегулируемая организация арбитражных управляющих Северо- Запада» представлена информация о соответствии заявленной кандидатуры арбитражного 4 управляющего Пишавка Дениса Владимировича требованиям статей 20 и 20.2 Закона о банкротстве, согласие кандидата, сведения о кандидате. На основании статьи 20.6. Закона о банкротстве размер фиксированной суммы вознаграждения временного управляющего составляет 30 000 руб. в месяц. Руководствуясь статьями 3, 6, 45, 59, 75, 124, 126 Федерального закона «О несостоятельности (банкротстве)» № 127-ФЗ от 26.10.2002, ст.ст. 110, 167-170 Арбитражного процессуального кодекса Российской Федерации, суд",принято,И.В. Кулик,26.12.2016,{}
"ериод на основании п.7.5 договора. 3 Начисление процентов по ст.395 Гражданского кодекса РФ не нарушает права и законные интересы ответчика, поскольку взыскание с него процентов привело к применению меры ответственности за нарушение денежного обязательства в меньшем размере по сравнению с мерой ответственности, предусмотренной указанным пунктом договора. Рассмотрев ходатайство ответчика об уменьшении размера предъявленной к взысканию неустойки на основании ст.333 Гражданского кодекса РФ, суд указывает на то, что в рассматриваемом случае отсутствуют основания для уменьшения размера исковых требований на основании ст.333 Гражданского кодекса РФ, поскольку правила ст.333 Гражданского кодекса РФ не применяются к ст.395 Гражданского кодекса РФ. Расходы по уплате госпошлины распределяются в порядке ст.110 АПК РФ. На основании изложенного и руководствуясь ст.ст.8, 12, 307, 309, 310, 314, 779, 781 Гражданского кодекса РФ и ст.ст.4, 9, 65, 69, 70, 71, 75, 110, 121, 123, 156, 170-175 АПК РФ, суд",частично,Д.С. Рыбин,Москва,{}
"ами, участвующими в деле, предусмотрено статьей 110 АПК РФ. В силу пункта 1 данной статьи судебные расходы, понесенные лицами, участвующими в деле, в пользу которых принят судебный акт, взыскиваются арбитражным судом со стороны. Расходы третьего лица, ЖСК «Шоссе Энтузиастов 20», выступающего на стороне истцов, на проведение экспертизы, выполненной ООО «Городское бюро ТехнопромАудит», в размере 65 000 руб., подлежат возмещению ответчиком в пользу на основании ст.ст. 86, 110 АПК РФ, С учетом удовлетворения исковых требований, расходы по уплате государственной пошлины в соответствии со ст. 110 АПК РФ возлагаются на ответчика. Между тем с учетом освобождения истцов от уплаты государственной пошлины, она подлежит взысканию с ответчика в доход федерального бюджета в размере 6 000 руб. с учетом п.п.1 п. 1 ст. 333.37 НРФ. Учитывая изложенное, на основании ст.ст. 10, 12, 263, 264, 304 ГК РФ, руководствуясь ст.ст. 64, 65, 67, 68, 71, 75, 110, 123, 124, 156, 167-170, 176, 180, 181 АПК РФ, суд, 13",отказано,В.З. Болиева,Москва,"{'апк': [87], 'гк': [12]}"
"в (злоупотребление правом). В случае несоблюдения требований, предусмотренных пунктом 1 настоящей статьи, суд, арбитражный суд или третейский суд с учетом характера и последствий допущенного злоупотребления отказывает лицу в защите принадлежащего ему права полностью или частично, а также применяет иные меры, предусмотренные законом. При таких обстоятельствах, в удовлетворении искового заявления ООО «НТС «Градиент», ООО «Управляющая компания Градиент» к ответчику – ООО «СОЮЗ-ИНВЕСТ» о признании недействительным дополнительного соглашения № 1 от 14.04.2015г. к договору аренды от 07.05.2009 г. следует отказать. При этом, суд отклоняет заявление ответчика о пропуске истцом ООО ""УК ""Градиент"" срока исковой давности, поскольку иск подан ООО ""УК ""Градиент"" не только как участником, но и как законным представителем ООО ""НТС ""Градиент"" в порядке п. 32 Постановления Пленума ВС РФ №25 от 23.06.2015г. На основании изложенного, руководствуясь ст.ст. 4, 64-68, 71, 110, 167-170, 176, 180, 181 АПК РФ,",частично,О.Н. Жура,Москва,{}
"4, 809-811 и 819-820 ГК РФ, требование о взыскании задолженности по состоянию на 01.09.2016 по Кредитному соглашению № 443584NNV от 04.04.2014 в размере 430 263 руб. 60 коп. по кредиту, 38 965 руб. 46 коп. по процентам, а также на основании положений ст.330 ГК РФ и ст.7 Общих условий кредитования неустойки на указанную выше дату в размере 7 265 руб. 98 коп. по кредиту и 3 497 руб. 89 коп. по процентам, расчет которых судом проверен и признан правильным и обоснованным, соответствующим обстоятельствам дела и условиям договора; нарушений положений ст.319 ГК РФ при определении суммы долга не установлено. Принимая во внимание непредставление ответчиком заявления о несоразмерности начисленной неустойки, учитывая правовую позицию Верховного Суда Российской Федерации, изложенную в постановлении Пленума № 7 от 24.03.2016, а также размер ставок неустойки, не находит оснований для применения положений ст.333 ГК РФ. На основании изложенного, руководствуясь ст.ст. 110, 167-171, 172, 176 АПК РФ, суд",отказано,Д.В.Котельников,Москва,{}
"ловую энергию, что подтверждается актами и актами сверки. Ответчик свои обязательства по оплате поставленной ему истцом тепловой энергии в нарушение ст.ст.307, 309, 310, 539, 548 Гражданского кодекса РФ не исполнил, в связи с чем задолженность ответчика перед истцом на дату принятия решения по 2 настоящему делу составляет 633.726 рублей 77 копеек. Расчет задолженности судом проверен и признан математически и методологически верным, ответчиком контррасчет не представлен. На основании изложенного с учетом ч.1 ст.65 и ч.3.1 ст.70 АПК РФ суд приходит к выводу о том, что при наличии документально подтвержденной задолженности по договорам исковые требования подлежат удовлетворению в полном объеме. Расходы по уплате госпошлины относятся на ответчика в порядке ст.110 АПК РФ. Руководствуясь ст.ст. 8, 11, 12, 307, 309, 310, 539, 541, 544, 547, 548 Гражданского кодекса РФ, ст.ст. 4, 9, 63-65, 71, 102, 110, 121, 122, 123, 156, 167-171, 176-177, 180, 181 Арбитражного процессуального кодекса РФ, суд",отказано,Д.С. Рыбин,Москва,{}
"ые исковые заявления, возражения на отзыв и ходатайства о приобщении документов имели идентичное содержание. С учетом изложенного, оценив представленные ООО «Авто и деньги» доказательства понесенных расходов по правилам статьи 71 АПК РФ, суд приходит к выводу о чрезмерности заявленной ко взысканию суммы расходов в размере 17 000 руб. и считает соотносимым с объемом защищаемого права, характером заявленного спора, степенью сложности дела и объемом проделанной представителем работы, размер судебных расходов в сумме 7 000 руб. Вместе с тем, принимая во внимание положения абз. 2 ч.1 ст. 110 АПК РФ, судебные расходы на оплату услуг представителя также подлежат пропорциональному распределению. В связи с чем, с ответчика в пользу истца подлежит взысканию 6376 руб. (7000 х 51117 / 56117). Таким образом, с ответчика в пользу истца подлежит взысканию 8421 руб. (2045+6376). Руководствуясь статьями 106, 110, 112, 167-170, 176, 180, 181 Арбитражного процессуального кодекса Российской Федерации, суд",частично,Дегоева О.А.,Липецк,"{'гк': [382, 384, 931, 1064, 1079, 1082], 'апк': [106, 110, 112, 167, 168, 169, 170, 176, 180, 181]}"
"ежит уплате вне зависимости от отзыва лицензии у банка, поскольку, исходя из положений п.3.3 договора, вознаграждение уплачивается за период действия гарантии, то есть денежное обязательство корреспондирует длящемуся обязательству банка и если последнее прекращается по ст.417 ГК РФ в связи с отзывом лицензии, то и обязанность по обслуживанию действия гарантии также подлежит прекращению. Правовую позицию Высшего Арбитражного Суда Российской Федерации, изложенную в определении от 03.12.2012 № ВАС-16117/12, суд считает неотносимой к предмету настоящего спора. Также суд отмечает, что наличие у бенефициара права предъявления требования по отзыву лицензии, не корреспондирует с обязанностью платежа по банковской гарантии, кроме того, банк, ссылаясь на право получения вознаграждения по банковской гарантии, после отзыва лицензии, не обосновал процедуру предъявления требований платежа и сроки получения исполнения. На основании изложенного, руководствуясь ст.ст. 110, 167-171, 172, 176 АПК РФ, суд",частично,Д.В.Котельников,Москва,{}
"еской оплаты, от не выплаченной в срок суммы за каждый день просрочки. В соответствии с п. 1 ст. 330 Гражданского кодекса Российской Федерации в случае неисполнения или ненадлежащего исполнения обязательства, в частности в случае просрочки исполнения неустойкой (штрафом, пеней) должник обязан уплатить кредитору определенную законом или договором денежную сумму. Представленный истцом расчет неустойки за период с 01.03.2015г. по 30.06.2016г. в сумме 939 618 руб. 33 коп. проверен судом и признан обоснованным. Таким образом, исковые требования подлежат удовлетворению в полной сумме. Уплаченная истцом при подаче иска государственная пошлина в размере 37 084 руб. подлежит взысканию с ответчика в пользу истца на основании ст. 110 Арбитражного процессуального кодекса Российской Федерации, поскольку долг оплачен ответчиком частично после принятия искового заявления к производству. Руководствуясь ст.110, 167-170, 171, 176 Арбитражного процессуального кодекса Российской Федерации, арбитражный суд",частично,Л.А.Анисимов,Екатеринбург,{}
"ия конкурсным управляющим должника с заключением о соответствии требованиям закона. Кандидатура арбитражного управляющего отвечает требованиям статей 20 и 20.2 Закона о банкротстве, поэтому подлежит назначению на должность конкурсного управляющего должника с вознаграждением в размере 30 000 руб. ежемесячно за счет средств должника. При указанных выше обстоятельствах, учитывая, что материалами дела подтверждены признаки банкротства должника, установленные статьями 3 и 6 Закона о банкротстве, суд приходит к выводу о возможности признания должника банкротом и открытии в отношении него конкурсного производства. Возможность восстановления платежеспособности должника не установлена, правовых оснований для введения иных процедур банкротства, кроме конкурсного производства, не имеется. Руководствуясь статьями 110, 167-170 Арбитражного процессуального кодекса Российской Федерации, статьями 45, 52, 53, 75, 124, 127 ФЗ «О несостоятельности (банкротстве)» от 26.10.2002 г. № 127-ФЗ, арбитражный суд",отказано,Е.В.Моисеева,Москва,"{'апк': [110, 167, 168, 169, 170]}"
"нят в его пользу, а также 17 освобождение государственных органов, органов местного самоуправления от процессуальной обязанности по возмещению судебных расходов. В связи с этим, если судебный акт принят не в пользу государственного органа (органа местного самоуправления), должностного лица такого органа, за исключением прокурора, Уполномоченного по правам человека в Российской Федерации, расходы заявителя по уплате государственной пошлины подлежат возмещению соответствующим органом в составе судебных расходов (часть 1 статьи 110 АПК РФ). Учитывая изложенное, принимая во внимание, что заявитель не является лицом, освобожденным от уплаты государственной пошлины, а также то обстоятельство, что требования заявителя по настоящему делу удовлетворены, то с Управления в пользу Общества подлежит взысканию уплаченная им государственная пошлина в сумме 3 000 руб. Руководствуясь статьями 167-170, 176, 201 Арбитражного процессуального кодекса Российской Федерации, Арбитражный суд Мурманской области",частично,Е.А. Зыкина,Мурманск,"{'апк': [29, 167, 168, 169, 170, 176, 201]}"
"блюдения договорных обязательств контрагентами и обеспечение финансовой дисциплины во взаимоотношениях субъектов экономической деятельности. Кроме того, такое уменьшение, по сути, нивелирует закрепленное в гражданском законодательстве право сторон на самостоятельное определение условий и размера ответственности за нарушение обязательств. С учетом вышеизложенного, суд считает ходатайство ответчика об уменьшении размера заявленной к взысканию неустойки не подлежащим удовлетворению. На основании изложенного с учетом ч.1 ст.65 и ч.3.1 ст.70 АПК РФ суд пришел к выводу о том, что при наличии документально подтвержденной задолженности и нарушении ответчиком сроков оплаты арендных платежей и исполнения иных обязательств по договору исковые требования подлежат удовлетворению в полном объеме. На основании изложенного и руководствуясь ст.ст.9, 11, 12, 307, 309, 310, 330, 331, 606, 614 Гражданского кодекса РФ и ст.ст.4, 9, 65, 70, 71, 75, 102, 110, 123, 131, 156, 167-171, 176, 180, 181 АПК РФ, суд",отказано,Д.С. Рыбин,Москва,{}
"кого возврата суммы займа. Кроме того, учитывая отсутствие доказательств погашения ответчиком просроченной задолженности, суд признает обоснованным, соответствующим положениям ст.330 ГК РФ и правовой позиции Верховного Суда Российской Федерации, изложенной в п. 65 Постановление Пленума Верховного Суда РФ от 24.03.2016 № 7, требование истца о начисление пени с 13.09.2016 по ставке 0,1% в день от суммы задолженности по день фактического возврата займа. Также истцом подано заявление о взыскании с ответчика 80 000 руб. расходов на оплату услуг представителя, в обоснование факта и размера которых представлен Договор №01/09/2016-ИЗБ-916 об оказании юридической помощи от 01.09.2016, акт №1 о приемке оказанных услуг и расходный кассовый ордер от 06.10.2016 на сумму 80 000 руб., в связи с чем суд признает понесенные истцом расходы документально подтвержденными и относимыми и подлежащими взысканию в полном объеме. На основании изложенного, руководствуясь ст.ст. 110, 167-171, 172, 176 АПК РФ, суд",отказано,Д.В.Котельников,Москва,{}
"период с 26.12.2015г. по 16.11.2016г. в сумме 102 569 рублей 18 копеек, а также процентов с 17.11.2016г. по день фактической оплаты долга. На основании изложенного, руководствуясь статьями 309, 310, 330, 395, 539, 541, 544 Гражданского кодекса Российской Федерации требования истца о взыскании с ответчика долга в размере 1 585 715 рублей 42 копейки, процентов с с 26.12.2015г. по 16.11.2016г. в сумме 102 569 рублей 18 копеек, а также процентов с 17.11.2016г. по день фактической оплаты долга подлежат удовлетворению. В порядке распределения судебных расходов (ст. 110 Арбитражного процессуального кодекса Российской Федерации) в связи с предоставлением истцу отсрочки уплаты государственной пошлины при принятии искового заявления к производству государственная пошлина в сумме 29 883 рубля 00 копеек взыскивается с ответчика в доход федерального бюджета. На основании изложенного, руководствуясь статьями 110, 167-170, 171 Арбитражного процессуального кодекса Российской Федерации, арбитражный суд",частично,О.А.Пономарева,Екатеринбург,"{'гк': [309, 310, 330, 395, 539, 541, 544], 'апк': [110, 167, 168, 169, 170, 171]}"
"существенного вреда интересам граждан, общества и государства, права кредиторов, должника при проведении процедуры конкурсного производства не нарушены, последствия нарушения не носят неустранимого характера Таким образом, с учетом фактических обстоятельств дела и характера допущенного правонарушения, а также отсутствия доказательств причинения реального ущерба в результате совершения нарушений, суд пришел к выводу о малозначительности допущенного арбитражным управляющим Горлатовым А.Л. правонарушения, и возможности освобождения последнего от административной ответственности в порядке ст. 2.9 КоАП РФ. Согласно п. 5 ст. 206 Арбитражного процессуального кодекса Российской Федерации, копия решения арбитражного суда по делу о привлечении к административной ответственности направляется арбитражным судом в трехдневный срок со дня его принятия лицам, участвующим в деле. Руководствуясь статьями 167 - 171, 176, 202 - 206 Арбитражного процессуального кодекса Российской Федерации, арбитражный суд",отказано,А.Г.Кожевникова,Екатеринбург,{}
"бных расходов в пользу выигравшей дело стороны, независимо от того, является ли проигравшей стороной государственный или муниципальный орган. С учетом положения статьи 110 АПК РФ, результатов рассмотрения дела и правовой позиции Высшего Арбитражного суда РФ, изложенной в Постановлении Президиума от 13.11.2008 №7959/08 (в случае признания обоснованным полностью или частично заявления об оспаривании ненормативных правовых актов, решений и действий (бездействий) государственных органов, органов 15 местного самоуправления, иных органов, должностных лиц судебные расходы подлежат возмещению соответственно этим органом в полном размере), расходы по уплате государственной пошлины пошлине относятся на МИФНС России по крупнейшим налогоплательщикам по Воронежской области и подлежат взысканию с него в пользу заявителя в сумме 2 000 руб. На основании материалов дела и, руководствуясь статьями 7-11,65,110,167- 170,180,198,201 Арбитражного процессуального кодекса Российской Федерации, арбитражный суд",частично,М.С.Есакова,Воронеж,"{'апк': [7, 8, 9, 10, 11, 65, 110, 167, 168, 169, 170, 180, 198, 201]}"
"иными правовыми актами и учредительными документами, а также о том, что действия органов юридического лица, направленные на установление, изменение или прекращение прав и обязанностей юридического лица, признаются действиями самого юридического лица. В силу указанной нормы Гражданского кодекса Российской Федерации органы юридического лица (к которым относится и генеральный директор) не должны рассматриваться как самостоятельные субъекты гражданских правоотношений. Норвайша Сергей Викторович будучи генеральным директором (единоличным исполнительным органом) ООО «ЛогистикИнвест», действующий от имени общества на основании устава, заключил с АО «АЛЬФА-БАНК» кредитное соглашение № 01743L об открытии невозобновляемой кредитной линии в иностранной валюте. Заключение указанного кредитного соглашения было одобрено решением единственного участника ООО «ЛогистикИнвест» компании «Фризондо Холдингз Лимитед», владеющей 100 % долей. Единственный участник общества компания «Фризондо Холдингз Лимитед»",отказано,Н.Я.Гараева,Москва,"{'апк': [8, 9]}"
"дении судебной экспертизы сторонами по делу заявлено не было. Согласно части 1 статьи 65 Арбитражного процессуального кодекса РФ каждое лицо, участвующее в деле, должно доказать обстоятельства, на которые оно ссылается как на основание своих требований и возражений. В нарушение требований статьи 65 Арбитражного процессуального кодекса РФ истец надлежащих доказательств, подтверждающих размер заявленных требований, не представил. При таких обстоятельствах в удовлетворении требований истца следует отказать. В силу части 1 статьи 110 Арбитражного процессуального кодекса РФ судебные расходы, понесённые лицами, участвующими в деле, в пользу которых принят судебный акт, взыскиваются арбитражным судом со стороны. В связи с отказом в удовлетворении исковых требований, расходы по уплате государственной пошлины подлежат отнесению на истца. А46-13535/2016 4 На основании изложенного, руководствуясь статьями 110, 156, 167-170 Арбитражного процессуального кодекса Российской Федерации, арбитражный суд",отказано,Н.А. Голобородько,Омск,"{'апк': [110, 156, 167, 168, 169, 170]}"
"аний или возражений. В нарушение указанной нормы истцом не представлены бесспорные доказательства, подтверждающие факт поставки ответчиком некачественной продукции. Представленные ООО ""Элемаш-СТП в обоснование своих требований внутренние документы таковыми не являются. В соответствии с частями 1, 2 статьи 71 АПК РФ арбитражный суд оценивает доказательства по своему внутреннему убеждению, основанному на всестороннем, полном, объективном и непосредственном исследовании имеющихся в деле доказательств. Арбитражный суд оценивает относимость, допустимость, достоверность каждого доказательства в отдельности, а также достаточность и взаимную связь доказательств в их совокупности. Оценив в порядке указанной нормы представленные в дело доказательства, суд считает, что в иске следует отказать. Судебные расходы распределяются по правилам статьи 110 АПК РФ. На основании изложенного и руководствуясь статьями 110, 167-170, 176 Арбитражного процессуального кодекса Российской Федерации, арбитражный суд",отказано,О.В.Анисимова,Москва,"{'апк': [4, 110, 167, 168, 169, 170, 176], 'гк': [309, 310]}"
"нных о прибыли истца за аналогичный период времени до нарушения ответчиком обязательства и/или после того, как это нарушение было прекращено. Оценив в соответствии со статьей 71 Арбитражного процессуального кодекса Российской Федерации все имеющиеся в материалах дела доказательства, арбитражный суд считает, что истцом не доказаны обстоятельства, на которые он ссылается. Согласно ст. ст. 65 и 68 Арбитражного процессуального кодекса Российской Федерации каждое лицо, участвующее в деле, должно доказать обстоятельства, на которые оно ссылается как на основание своих требований и возражений. Обстоятельства дела, которые согласно закону должны быть подтверждены определенными доказательствами, не могут подтверждаться иными доказательствами. На основании вышеизложенного, оценив представленные по делу доказательства, суд считает исковые требования не подлежащими удовлетворению. Руководствуясь статьями 51, 102, 110, 112, 167-170, 176 Арбитражного процессуального кодекса Российской Федерации, суд",отказано,М.В.Саенко,Москва,"{'апк': [51, 71, 102, 110, 112, 167, 168, 169, 170, 176], 'гк': [15, 309, 310, 393]}"
"итражный суд, оценив в порядке статьи 71 АПК Российской Федерации имеющиеся в материалах дела доказательства, руководствуясь конституционными принципами соразмерности и справедливости при назначении наказания, характер правонарушения и обстоятельства его совершения, пришел к выводу, что соразмерным наказанием за совершенное правонарушение Петровой Е.Ю. будет привлечение к административной ответственности по части 8 статьи 14.13 КоАП РФ, в виде дисквалификации сроком на шесть месяцев. Согласно пункту 2 статьи 206 Арбитражного процессуального кодекса Российской Федерации по результатам рассмотрения заявления о привлечении к административной ответственности арбитражный суд принимает решение о привлечении к административной ответственности или об отказе в удовлетворении требования административного органа о привлечении к административной ответственности. Руководствуясь статьями 167 – 170, 176, 206 Арбитражного процессуального кодекса Российской Федерации, Арбитражный суд Красноярского края",частично,О.В. Жирных,Дивногорск,"{'апк': [16, 65, 66, 123, 202, 205, 206, 223]}"
"809-811 и 819-820 ГК РФ, требование о взыскании задолженности по состоянию на 27.09.2016 по Кредитному соглашению № 450828NNV от 30.09.2014 в размере 700 471 руб. 44 коп. по кредиту, 80 613 руб. 86 коп. по процентам, а также на основании положений ст.330 ГК РФ и ст.7 Общих условий кредитования неустойки на указанную выше дату в размере 260 455 руб. 27 коп. по кредиту и 36 671 руб. 95 коп. по процентам, расчет которых судом проверен и признан правильным и обоснованным, соответствующим обстоятельствам дела и условиям договора; нарушений положений ст.319 ГК РФ при определении суммы долга не установлено. Принимая во внимание непредставление ответчиком заявления о несоразмерности начисленной неустойки, учитывая правовую позицию Верховного Суда Российской Федерации, изложенную в постановлении Пленума № 7 от 24.03.2016, а также размер ставок неустойки, не находит оснований для применения положений ст.333 ГК РФ. На основании изложенного, руководствуясь ст.ст. 110, 167-171, 172, 176 АПК РФ, суд",отказано,Д.В.Котельников,Москва,{}
"и 201 АПК РФ, арбитражный суд, установив, что оспариваемый ненормативный правовой акт, решения и действия (бездействие) государственных органов, органов местного самоуправления, иных органов, должностных лиц не соответствуют закону или иному нормативному правовому акту и нарушают права и законные интересы заявителя в сфере предпринимательской и иной экономической деятельности, принимает решение о признании ненормативного правового акта недействительным, решений и действий (бездействий) незаконными. В соответствии с частью 1 статьи 110 АПК РФ судебные расходы, понесенные лицами, участвующими в деле, в пользу которых принят судебный акт, взыскиваются арбитражным судом со стороны. Ввиду удовлетворения заявленных требований, оплачиваемых государственной пошлиной, расходы заявителя по уплате госпошлины подлежат взысканию с заинтересованного лица в размере 3 000 рублей. Руководствуясь статьями 110, 167 – 170, 176, 201 Арбитражного процессуального кодекса Российской Федерации, арбитражный суд",принято,М.В.Афанасьева,Москва,{'апк': [49]}
" 11.3 договора в сумме 698.335 руб. 52 коп. Суд также учитывает, что о применении ст. 333 Гражданского кодекса Российской Федерации к размеру начисленной неустойки ответчиком по встречному иску заявлено не было. При указанных обстоятельствах требование встречного иска подлежит частичному удовлетворению в сумме 698.335 руб. 52 коп. В остальной части требования истца по встречному иску удовлетворению не подлежат. Расходы по госпошлине распределены на основании ст. 110 АПК РФ и отнесены на сторон в размере, пропорциональном удовлетворенным требованиям. В соответствии с ч. 5 ст. 170 АПК РФ при полном или частичном удовлетворении первоначального и встречного исков в резолютивной части решения указывается денежная сумма, подлежащая взысканию в результате зачета. На основании статей 309, 310, 330, 395, 421, 431, 702, 711, 726, 740, 753 Гражданского кодекса Российской Федерации руководствуясь ст.ст. 8, 9, 65, 71, 110, 167, 170, 176 Арбитражного процессуального кодекса Российской Федерации, суд",частично,Е.А. Абрамова,Москва,"{'гк': [1, 8, 309, 310, 431, 708, 711, 740], 'апк': [65]}"
" ственности и счетов энергоснабжающей организации (счет №8243 от 29.02.2016г., счет-фактура №10000004710 от 29 февраля 2016г., счет №8243 от 31.03.2016г., счет-фактура №1000007828 от 31 марта 2016г., счету №8243 от 30.04.2016г., счет-фактура №10000010258 от 30 апреля 2016г.). Ответчиком, в нарушение требований статьи 65 Арбитражного процессу- ального кодекса Российской Федерации, не представлено доказательств предо- ставления истцом услуг ненадлежащего качества. Исходя из изложенного, исковые требования о взыскании с ответчика неос- новательного обогащения за оказанные услуги по теплоснабжению за отопитель- ный период с октября 2015 по май 2016 в сумме 301 927 руб. 14 коп. подлежат удовлетворению в заявленной сумме. В соответствии со статьей 110 Арбитражного процессуального кодекса Рос- сийской Федерации государственная пошлина относится на ответчика в полном объёме. Руководствуясь статьями 110, 167 - 171, 176 Арбитражного процессуально- го кодекса Российской Федерации, арбитражный суд",отказано,И.В. Афанасьева,Рязань,"{'апк': [121, 122, 123, 156], 'гк': [210, 1105]}"
"редусмотренного контрактом"". Истец производит начисление неустойки за периоды ненадлежащего исполнения ответчиком своих обязательств контракту, которая составляет 3670913,82 рублей. Как следует из материалов дела, нарушение ответчиком сроков выполнения работ имеет место, данный факт ответчиком документально не опровергнут, контррасчет неустойки не представлен, о применении статьи 333 ГК РФ не заявлено. Расчет неустойки проверен судом, признан правильным, имущественные санкции соразмерны последствиям нарушенного денежного обязательства. С учетом изложенного, суд признает обоснованным требование истца о взыскании неустойки в заявленном размере. Так как на момент рассмотрения спора неустойка в размере 3670913,82 рублей ответчиком не оплачена, следовательно, подлежит взысканию с ответчика на основании статей 309, 310, 330, 708 ГК РФ. Распределение судебных расходов производится по правилам статьи 110 АПК РФ. На основании изложенного и руководствуясь статьями 167-170 АПК РФ, арбитражный суд",частично,Е.Л. Серёдкина,Новосибирск,{'гк': [708]}
"тся прекращенным, суд отклоняет требование истца о его расторжении. Исходя из условий обязательства, суд признает правомерным требование истца о взыскании с Правительства за счет казны, исполненного (доли)по прекращенному Договору №37-ИС, в размер151 422 169,89 руб., а кроме того процентов, начисленных за период после прекращения Договора №37-ИС и возникновения обязанности по возврату взысканной суммы (314 ГК РФ), то есть с 15.07.2013 по 30.04.2016 в размере 36 584 700, 53 рублей. Правовые основания для признания права общей долевой собственности сторон отсутствуют. Оснований для применения к ответчику мер имущественных санкций при прекращении договора №37-ИС, о которых заявлено истцом, суд не усмотрел. Удовлетворенные судом требования заявлены истцом в пределах срока исковой давности. Судебные расходы по оплате госпошлины распределяются в порядке ст. 110 АПК РФ. На основании изложенного и руководствуясь ст.ст. 307,309,310,314,330, 450, 452 ГК РФ, ст.ст. 101-103,110,167-171 АПК РФ, суд",частично,Мэра,Москва,"{'гк': [15, 393, 431], 'бк': [17]}"
" уплатить кредитору в случае неисполнения или ненадлежащего исполнения обязательства, в частности в случае просрочки исполнения. В соответствии с пунктом 6.2 договора в случае не внесения арендной платы в сроки, установленные настоящим договором, арендатор уплачивает арендодателю пени в размере 0,1% от суммы не внесенного в срок платежа за каждый день просрочки на счет. Проверив представленный истцом расчет пени в размере 3305140 руб. 21 коп. за период с 11.11.2010 по 05.02.2013, суд признает его верным и обоснованным; требование – подлежащим удовлетворению. Правовых оснований для уменьшения размера пени по статье 333 Гражданского кодекса Российской Федерации у суда не имеется. Таким образом, исковые требования подлежат удовлетворению в полном объеме. Государственную пошлину суд по правилам статьи 110 Арбитражного процессуального кодекса Российской Федерации относит на ответчика. Руководствуясь статьями 110, 167 – 170, 171, 176 Арбитражного процессуального кодекса Российской Федерации,",отказано,О.А. Новоженина,Чебоксары,"{'апк': [49, 65, 110], 'гк': [330, 333, 614], 'зк': [22, 65]}"
"ами и иными кредитными организациями, должностными лицами и гражданами (часть 1 статьи 7, статья 8, пункт 16 части 1 статьи 64 и часть 2 статьи 70 Закона об исполнительном производстве). Как следует из материалов дела, денежное обязательство до вынесения решения по делу ответчиком в полном объеме не исполнено. Таким образом, требования истца подлежат удовлетворению. В соответствии с частью 1 статьи 110 АПК РФ судебные расходы, понесенные лицами, участвующими в деле, в пользу которых принят судебный акт, взыскиваются арбитражным судом со стороны. При обращении с иском в суд, истцу предоставлена отсрочка по уплате государственной пошлины до рассмотрения спора по существу заявленных требований. Учитывая специфику деятельности ответчика, исходя из его имущественного положения, суд считает возможным уменьшить размер государственной пошлины. На основании изложенного и руководствуясь статьями 65, 102, 110, 167-170, 176 Арбитражного процессуального кодекса Российской Федерации, арбитражный суд",принято,Е.С. Пятернина,0,"{'апк': [49, 65, 102, 110, 167, 168, 169, 170, 176], 'гк': [309, 310, 330, 539, 541, 544]}"
"м для признания сделки недействительной. Статьей 199 ГК РФ предусмотрено, что истечение срока исковой давности, о применении которой заявлено стороной в споре, является основанием к вынесению судом решения об отказе в иске. Истец узнал об оспариваемых пунктах дополнительного соглашения непосредственно при подписании дополнительного соглашения 11.12.2013. Иск подан в суд 31.05.2016, то есть годичный срок для защиты права по иску лица, право которого нарушено, пропущен. Остальные доводы и доказательства, приведенные и представленные лицами, участвующими в деле, суд исследовал, оценил и не принимает ко вниманию в силу их малозначительности и/или безосновательности, а также в связи с тем, что по мнению суда, они отношения к рассматриваемому делу не имеют и (или) не могут повлиять на результат его рассмотрения. Государственная пошлина подлежит распределению в соответствии со ст. 110 АПК РФ. На основании изложенного и руководствуясь ст. ст. 4, 16, 65, 66, 71, 156, 167 АПК РФ, арбитражный суд",отказано,Е.Ю. Агафонова,Москва,"{'гк': [421, 431]}"
"кольку ответчик не исполнил обязанность по оплате оказанных услуг в срок, предусмотренный договором, требование истца о взыскании пени (процентов) является обоснованным. Проверив расчет пени (процентов), суд признает его обоснованным, произведенным в соответствии с условиями договора о сроках и размере платежей. Ответчиком расчет пеней (процентов) не оспорен, доказательств несоразмерности заявленной суммы не представлено. При таких обстоятельствах, суд не находит оснований для применения ст. 333 ГК РФ, считает размер пени (процентов) соразмерным последствиям нарушения обязательства. На основании вышеизложенного, требования истца о взыскании пени (процентов) подлежат удовлетворению в полном объеме, в размере 458 126 руб. 51 коп. Расходы по госпошлине распределяются в соответствии с правилами, установленными статьей 110 Арбитражного процессуального кодекса Российской Федерации. Руководствуясь статьями 167-170, 176 Арбитражного процессуального кодекса Российской Федерации, арбитражный суд",частично,С.И. Дюкова,Хабаровск,"{'гк': [333, 382], 'апк': [110, 167, 168, 169, 170, 176]}"
"ем, кредит, коммерческий кредит), значительно превышает обычно взимаемые в подобных обстоятельствах проценты. На основании изложенного, учитывая, что истцом фактически предъявлена ко взысканию неустойка в размере однократной учетной ставки Банка России, суд приходит к А33-18535/2016 7 выводу о том, что требование истца подлежит удовлетворению в части взысканию с ответчика 184 456,57 руб. пени. Согласно части 1 статьи 110 Арбитражного процессуального кодекса Российской Федерации судебные расходы, понесенные лицами, участвующими в деле, в пользу которых принят судебный акт, взыскиваются арбитражным судом со стороны. В случае, если иск удовлетворен частично, судебные расходы относятся на лиц, участвующих в деле, пропорционально размеру удовлетворенных требований. Излишне уплаченная государственная пошлина подлежит возврату истцу из федерального бюджета. Руководствуясь статьями 110, 167 – 170, 229 Арбитражного процессуального кодекса Российской Федерации, Арбитражный суд Красноярского края",частично,Е.А. Куликовская,Красноярск,"{'гк': [1, 329, 330, 333, 395, 702, 708], 'апк': [9, 110]}"
"назначения и выплаты пособия по беременности и родам застрахованному лицу, выразившиеся в неприменении ограничения размера ежегодного заработка застрахованного лица, что привело к излишней выплате последнему суммы пособия и, соответственно, к излишним расходам территориального органа Фонда. Таким образом, и в отсутствие мотивированных возражений по существу заявленных требований, что расценивается судом как признание ответчиком обстоятельств, на которые ссылается заявитель в обоснование своих требований (часть 3.1 статьи 70 Арбитражного процессуального кодекса РФ), и доказательств оплаты задолженности, требование заявителя о взыскании с ответчика спорной суммы излишне понесенных расходов является обоснованным. В соответствии со статьей 110 Арбитражного процессуального кодекса РФ государственная пошлина относится на ответчика. А43-28991/2016 5 Учитывая изложенное и руководствуясь статьями 110, 167-170, 180, 216, 226-229, 319 Арбитражного процессуального кодекса Российской Федерации, суд",отказано,Е.В.Белянина,Нижний,"{'апк': [110, 167, 168, 169, 170, 180, 216, 226, 227, 228, 229, 288, 319]}"
" суду не представлено, при этом факт оказания услуг ответчиком не оспорен, договоры А52-2947/2016 5 расторгнуты по соглашению сторон, документы по оплате услуг, оказанных в период до расторжения договора, в деле отсутствуют, исковые требования о взыскании с ответчика основного долга в сумме 53334 руб. 44 коп. по оплате услуг, оказанных в период с сентября по декабрь 2015 в рамках договоров от 03.08.2015 и от 07.08.2015, являются обоснованными, доказанными материалами дела и подлежат удовлетворению. Вследствие доведения рассмотрения спора до суда, принимая во внимание, что истцом при подаче искового заявления государственная пошлина была уплачена в полном размере, в соответствии со статьей 110 Арбитражного процессуального кодекса Российской Федерации, расходы по оплате государственной пошлины в сумме 2133 руб. 00 коп. подлежат отнесению на ответчика и взысканию в пользу истца. Руководствуясь статьями 168-171, 176 Арбитражного процессуального кодекса Российской Федерации, арбитражный суд",отказано,И.Ю.Стренцель,Псков,"{'апк': [65, 71, 110, 168, 169, 170, 171, 176], 'гк': [8]}"
". Ссылка истца на статью 16.1 Гражданского кодекса Российской Федерации отклоняется как необоснованная, поскольку истец не приводит нормы закона, прямо предусматривающие компенсацию ущерба, причиненного правомерными действиями государственных органов. 1245702759_5985745 4 Указанная позиция соответствует позиции, обозначенной в Определении Верховного Суда РФ от 03.07.2015 № 307-ЭС15-9535 по делу № А66-13965/2014. Правомерность действий сотрудников полиции и нарушения норм административного законодательства водителя Савельева А.А. подтверждается Протоколом 66 АА № 2319496, постановлением о привлечении к административной ответственности № 18810066150004478467, Протоколом задержания транспортного средства 66 ЗТ № 0446322, Протоколом об административном правонарушении 66 Г № 0364650. На основании изложенного, основания для удовлетворения иска отсутствуют. На основании изложенного, руководствуясь ст. 110, 167-170, 171 Арбитражного процессуального кодекса Российской Федерации, арбитражный суд",отказано,А.А.Малов,Екатеринбург,{}
"чика включен в Схему размещения нестационарных торговых объектов для реализации товаров на Территории Тракторозаводкого района г. Волгограда , Согласно подпункту 4 пункта 1 статьи 333.21 Налогового кодекса Российской Федерации при подаче исковых заявлений неимущественного характера, в том числе заявления о присуждении к исполнению обязанности в натуре, пошлина уплачивается в размере 6 000 рублей. Администрацией предъявлено в суд два требования неимущественного характера, соответственно, государственная пошлина составляет 12 000,00 рублей. В соответствии с частью 3 статьи 110 АПК РФ государственная пошлина, от уплаты которой в установленном порядке освобожден истец, взыскивается в доход федерального бюджета с ответчика. Поскольку требования истца удовлетворены в части, то с ответчика в доход федерального бюджета подлежит взысканию государственная пошлина в размере 6 000, 00 рублей. Руководствуясь статьями 167-170 Арбитражного процессуального кодекса Российской Федерации, арбитражный суд",отказано,Е.С. Пятернина,Волгоград,"{'апк': [4, 49, 167, 168, 169, 170], 'гк': [11, 12, 131, 216, 218, 219, 615], 'зк': [11]}"
"судебными приставами исполнителями Заволжского РОСП было допущено противоправное бездействие – в виде не проведения необходимых исполнительных действий в отношении должника Цильмера Е.А. в нарушение статьи 69, 70, 80, 81 Федерального закона «Об исполнительном производстве» № 229-ФЗ применительно к рассматриваемым правоотношениям, в том числе - и по не наложению ареста на денежные средства должника Цильмера Е.А., находившиеся в Банке «ВТБ-24». Соответственно, установленным, по мнению суда, следует признать наличие причинно-следственной связи между понесенными Обществом и заявленными к возмещению убытками в сумме 130 191, 24 рубля и правовым поведением (бездействием) судебных приставов- исполнителей Заволжского РОСП г. Ярославля. На основании изложенного, суд пришел к выводу о наличии оснований для удовлетворения заявленных Обществом требований в полном объеме. А82-13083/2015 7 Руководствуясь статьями 110, 167-170 Арбитражного процессуального кодекса Российской Федерации, арбитражный суд",отказано,А.В. Глызина,Ярославль,"{'апк': [110, 167, 168, 169, 170]}"
" срок оплата не произведена. Начиная с девяносто первого дня, следующего за днем наступления установленного срока оплаты, по день фактической оплаты пени уплачиваются в размере одной стотридцатой ставки рефинансирования Центрального банка Российской Федерации, действующей на день фактической оплаты, от не выплаченной в срок суммы за каждый день просрочки. Увеличение установленных настоящей частью размеров пеней не допускается. Учитывая, что со стороны ответчика была допущена просрочка исполнения обязательства по оплате, заявленные исковые требования в части взыскания пени в размере 504 руб. 25 коп. подлежат удовлетворению на основании ст. 330 Гражданского кодекса Российской Федерации. Понесенные расходы истца по оплате государственной пошлины относятся на ответчика в сумме 2 000 руб. (ст.110 Арбитражного процессуального кодекса Российской Федерации). На основании изложенного, руководствуясь ст. 110, 167-170, 171 Арбитражного процессуального кодекса Российской Федерации, арбитражный суд",отказано,Е.В.Селивёрстова,Екатеринбург,{}
"далее – НК РФ) с учетом ст. ст. 333.21, 333.22, 333.41 НК РФ. Государственная пошлина, подлежащая уплате за рассмотрение настоящего иска, составляет 6 000 руб. 00 коп. 8 Истцом при подаче иска уплачена государственная пошлина на сумму 6 000руб. 00 коп. по платежному поручению №292010 от 21.11.2016 (л.д. 104). В соответствии с ч. 1 ст. 110 АПК РФ судебные расходы по уплате государственной пошлины, понесенные лицами, участвующими в деле, в пользу которых принят судебный акт, взыскиваются арбитражным судом со стороны. В случае, если иск удовлетворен частично, судебные расходы относятся на лиц, участвующих в деле, пропорционально размеру удовлетворенных исковых требований. Поскольку исковые требования удовлетворены в полном объеме, расходы по уплате государственной пошлины в соответствии со ст. 110 АПК РФ подлежат возмещению истцу за счет ответчика в сумме 6 000 руб. 00 коп. Руководствуясь статьями 110, 167-170, 176 Арбитражного процессуального кодекса Российской Федерации, арбитражный суд",частично,Н.В. Шведко,Челябинск,"{'апк': [110, 167, 168, 169, 170, 176]}"
"ых судов Российской Федерации в Картотеке арбитражных дел). Правовая позиция истца по указанным делам основывалась на одних и тех же аргументах, а составленные исковые заявления, возражения на отзыв и ходатайства о приобщении документов имели идентичное содержание. С учетом изложенного, оценив представленные ООО «Альянс-Е» доказательства понесенных расходов по правилам статьи 71 АПК РФ, суд приходит к выводу о чрезмерности заявленной ко взысканию суммы расходов в размере 22 000 руб. и считает соотносимым с объемом защищаемого права, характером заявленного спора, степенью сложности дела и объемом проделанной представителем работы, размер судебных расходов в сумме 7 000 руб. Таким образом, судебные расходы, подлежащие взысканию с ответчика, составляют 9000 руб., в том числе 2000 руб. - на оплату государственной пошлины, 7000 руб. – на оплату услуг представителя. 10 Руководствуясь статьями 106, 110, 112, 167-170, 176, 180, 181 Арбитражного процессуального кодекса Российской Федерации, суд",отказано,Дегоева О.А.,Липецк,"{'гк': [382, 384, 931, 1064, 1079, 1082], 'апк': [71, 101, 106, 110, 112, 167, 168, 169, 170, 176, 180, 181]}"
"возврата, иной просрочки в их уплате подлежат уплате проценты на сумму долга. Размер процентов определяется ключевой ставкой Банка России, действовавшей в соответствующие периоды. Эти правила применяются, если иной размер процентов не установлен законом или договором. Согласно расчету истца сумма процентов за пользование чужими денежными средствами за период с 25.09.2015 по 26.10.2015 составила 6 139, 83 руб. Представленный истцом расчет процентов судом проверен, признан составленным верно в соответствии с требованиями действующего законодательства РФ, в связи с чем с ответчика в пользу истца подлежит выплате сумма процентов за пользование чужими денежными средствами в размере 6 139, 83 руб. В соответствии со ст. 110 АПК РФ расходы по госпошлине подлежат взысканию с ответчика в пользу истца пропорционально удовлетворенным требованиям. Руководствуясь ст.ст. 12, 309, 310, 395, 702, 711, 758 Гражданского кодекса РФ, ст.ст. 64-68, 71, 75, 110, 123, 156, 167-170, 176, 180, 181 АПК РФ, суд 4",отказано,Е.Ю. Агафонова,Москва,{}
" в соответствии с обычаями делового оборота или иными обычно предъявляемыми требованиями. А79-11252/2016 3 Односторонний отказ от исполнения обязательства и одностороннее изменение его условий не допускаются (статья 310 Гражданского кодекса Российской Федерации). Истцом заявлено требование о взыскании с ответчика 474825 руб. 94 коп. долга по оплате тепловой энергии и теплоносителя, потребленных в августе, сентябре 2016 года. Представитель ответчика в заседании суда наличие задолженности признал, доказательств оплаты, как того требует статья 65 Арбитражного процессуального кодекса Российской Федерации, не представил. При таких обстоятельствах требование истца о взыскании суммы задолженности подлежит удовлетворению в заявленном размере. Государственную пошлину суд на основании статьи 110 Арбитражного процессуального кодекса Российской Федерации относит на ответчика. Руководствуясь статьями 110, 167 – 170, 171, 176 Арбитражного процессуального кодекса Российской Федерации, арбитражный суд",отказано,О.А. Новоженина,Чебоксары,"{'апк': [65, 110, 137], 'гк': [309, 310, 539, 544, 548]}"
"в связи с несвоевременным исполнением ответчиком обязательств по оплате стоимости поставленной электрической энергию. Расчет неустойки произведен истцом в порядке, предусмотренной вышеуказанным положением договора. Проверив расчет истца, суд находит его обоснованным и математически верным. При таких обстоятельствах требования о взыскании неустойки 46.563 руб. 13 коп. также подлежат удовлетворению. Расходы по госпошлине в сумме 2 000 руб. 00 коп. относятся на ответчика на основании статьи 110 Арбитражного процессуального кодекса Российской Федерации. На основании ст.104 Арбитражного процессуального кодекса Российской Федерации в соответствии со ст.333.40 Налогового кодекса Российской Федерации истцу следует возвратить из Федерального бюджета госпошлину в размере 26.200 руб. 00 коп., уплаченной по платежному поручению № 2699 от 09.11.2016. На основании изложенного, руководствуясь ст. 110, 167-170, 171 Арбитражного процессуального кодекса Российской Федерации, арбитражный суд 44_5457083 5",частично,О.О.Петрова,Москва,"{'апк': [110, 137, 319], 'гк': [541, 544, 548]}"
"ждении ребенка, справок с места работы другого родителя о неполучении ежемесячного пособия (тем самым ответчик не подтвердил право на получение пособий застрахованных лиц за указанный период), что привело к излишней выплате последним суммы пособия и, соответственно, к излишним расходам территориального органа Фонда. Таким образом, и в отсутствие мотивированных возражений по существу заявленных требований, что расценивается судом как признание ответчиком обстоятельств, на которые ссылается заявитель в обоснование своих требований (часть 3.1 статьи 70 Арбитражного процессуального кодекса РФ), и доказательств оплаты задолженности, требование заявителя о взыскании с ответчика спорной суммы излишне понесенных расходов является обоснованным. В соответствии со статьей 110 Арбитражного процессуального кодекса РФ государственная пошлина относится на ответчика. Учитывая изложенное и руководствуясь статьями 110, 167-170, 180, 216, 319 Арбитражного процессуального кодекса Российской Федерации, суд",отказано,Е.В.Белянина,Нижний,"{'апк': [110, 167, 168, 169, 170, 180, 181, 216, 319]}"
"предъявления претензии. Поскольку расчет суммы неустойки произведен истцом без учета стоимости дополнительных работ, арифметический расчет признан судом верным, то требование в данной части подлежит удовлетворению в полном объеме. Государственная пошлина по первоначальному и встречным искам подлежит распределению по правилам ст.110 АПК РФ пропорционально размеру удовлетворенных требований. Учитывая, что при подаче первоначального иска предоставлена отсрочка, при увеличении суммы встречного иска госпошлина не доплачена, то в соответствующей части государственная пошлина подлежит взысканию с истца и ответчика в доход федерального бюджета. Согласно ч.5 ст.170 при полном или частичном удовлетворении первоначального и встречного исков в резолютивной части решения указывается денежная сумма, подлежащая взысканию в результате зачета. На основании изложенного, руководствуясь ст.110, 167-170, 171, 176 Арбитражного процессуального кодекса Российской Федерации, арбитражный суд 124570264_5985930 9",частично,Л.А.Бирюкова,Екатеринбург,{}
"от 27.09.2016, 0050 от 17.10.2016 без рассмотрения, судом не принимаются. В силу ч. 5 ст. 4 АПК РФ, спор, возникающий из гражданских правоотношений, может быть передан на разрешение арбитражного суда после принятия сторонами мер по досудебному урегулированию по истечении тридцати календарных дней со дня направления претензии (требования), если иные срок и (или) порядок не установлены законом либо договором. Арбитражный суд оставляет исковое заявление без рассмотрения, если после его принятия к производству установит, что истцом не соблюден претензионный или иной досудебный порядок урегулирования спора с ответчиком (п. 2 ч. 1 ст. 148 АПК РФ). Исходя из вышеизложенного, в части увеличения исковых требований на сумму основного долга, неустойки в отношении товарных накладных № 0049 от 27.09.2016. № 0050 от 17.10.2016 истцом не соблюден досудебный порядок урегулирования спора. Руководствуясь ст.110, 167-170, 171, 176 Арбитражного процессуального кодекса Российской Федерации, арбитражный суд",частично,И.В.Хачев,Екатеринбург,{}
"дов по правилам статьи 71 АПК РФ, суд приходит к выводу о чрезмерности заявленной ко взысканию суммы расходов в размере 30 000 руб. и считает соотносимым с объемом защищаемого права, характером заявленного спора, степенью сложности дела и объемом проделанной представителем работы размер судебных расходов в сумме 7 000 руб. Также истцом понесены почтовые расходы в размере 251,48 руб., что подтверждается почтовыми квитанциями. Вместе с тем, принимая во внимание положения абз. 2 ч.1 ст. 110 АПК РФ, судебные расходы на оплату услуг представителя и почтовые расходы истца по направлению искового заявления и претензии также подлежат пропорциональному распределению. В 10 связи с чем, с ответчика в пользу истца подлежит взысканию 6385 руб. ((7000+251,48) х 31009,05 / 35219,13). Таким образом, с ответчика в пользу истца подлежит взысканию 8146 руб. (6385+1761). Руководствуясь статьями 106, 110, 112, 167-170, 176, 180, 181 Арбитражного процессуального кодекса Российской Федерации, арбитражный суд",частично,Дегоева О.А.,Липецк,"{'апк': [65, 106, 110, 112, 167, 168, 169, 170, 176, 180, 181]}"
"вопросам, связанным с распределением между сторонами судебных расходов на оплату услуг адвокатов и иных лиц, выступающих в качестве представителей в арбитражных судах» лицо, требующее возмещение расходов на оплату услуг представителя, доказывает их размер и факт выплаты, другая сторона вправе доказывать их чрезмерность. Суд посчитал возможным взыскать с истца в пользу ответчика судебные расходы в размере 50 000 руб., связанные с консультированием и составлением процессуальных документов по настоящему делу, считая это разумным пределом (с учетом трудоемкости и затраченного представителем истца времени, сложности дела, продолжительности рассмотрения дела), с учетом сложившейся ценовой политики на аналогичные услуги в Московском регионе. В соответствии со ст. 110 АПК РФ расходы по госпошлине подлежат взысканию с ответчика в пользу истца. Руководствуясь ст.ст. 12, 309, 310, 330, 702, 711, 758 Гражданского кодекса РФ, ст.ст. 64-68, 71, 75, 110, 123, 156, 167-170, 176, 180, 181 АПК РФ, суд 4",отказано,Е.Ю. Агафонова,Москва,"{'гк': [309, 711], 'апк': [71, 110]}"
"кту 3 которого полномочия по распоряжению земельными участками, государственная собственность на которые не разграничена, прекращаются у органа местного самоуправления муниципального района и возникают у органа местного самоуправления поселения с даты утверждения правил землепользования и застройки поселения. Указанный Федеральный закон в данной части вступил в силу с 01.03.2015. Между тем, на земельный участок, который является лесным фондом, полномочия к администрации сельского поселения не перешли, в связи с чем ссылка истца на нормы Федерального закона от 23.06.2014 №171-ФЗ ошибочна. Администрация, не обладая правами арендодателя на рассматриваемый земельный участок, является ненадлежащим истцом по взысканию платы за пользование лесным участком. А82-13900/2016 4 При таких обстоятельствах в иске следует отказать. От уплаты государственной пошлины истец освобожден. Руководствуясь статьями 110, 167-170, 227-229 Арбитражного процессуального кодекса Российской Федерации, арбитражный суд",отказано,Секерина С.Е.,Ярославль,"{'апк': [16, 69, 71, 110, 167, 168, 169, 170, 227, 228, 229], 'зк': [7, 65]}"
"рбитражный суд Свердловской области (24.06.2016) и принятия его к производству суда (30.06.2016), то на основании ст. 110 Арбитражного процессуального кодекса Российской Федерации и абз. 3 подп. 3 п. 1 ст. 333.40 Налогового кодекса Российской Федерации с учетом позиции Пленума Высшего Арбитражного Суда Российской Федерации, изложенной в постановлении от 20.03.1997 № 6, соответствующие расходы по уплате государственной пошлины не могут быть отнесены на ответчика. Таким образом, государственная пошлина в размере 4101 руб. 00 коп. подлежит возврату истцу из федерального бюджета. На основании ст.110 Арбитражного процессуального кодекса Российской Федерации государственная пошлина в сумме 43507 руб. 00 коп., уплаченная истцом при предъявлении иска, подлежит взысканию с ответчика в пользу истца пропорционально размеру удовлетворенных исковых требований. На основании изложенного, руководствуясь ст.ст. 110, 167-171, 176 Арбитражного процессуального кодекса Российской Федерации, арбитражный суд",частично,О.В.Гаврюшин,Екатеринбург,{}
"получение обоснованной налоговой выгоды, а поэтому признается судом недействительными. Довод Общества о грубом нарушении налоговым органом процедуры проведения камеральной налоговой проверки, который, по мнению Общества, является самостоятельным основанием для признания, вынесенных налоговым органом на основании проверок, решений, судом отклоняется, поскольку данные нарушения судом не расцениваются как существенные, безусловно приводящие к отмене принятых по результатам проверок решений. Кроме того, данные действия были предметом проведенной Управлением ФНС России по Смоленской области по жалобе Общества проверки (решение №88 от 24.06.2015, т.3, л.д. 21-28). Решением Управления доводы жалобы признаны обоснованными, применены меры реагирования. Уплаченная по делу Обществом государственная пошлина в сумме 9000 руб. в соответствии со статьей 110 АПК РФ подлежат взысканию с Инспекции. Руководствуясь статьями 110, 167 - 170, 201 Арбитражного процессуального кодекса Российской Федерации, суд",отказано,Ю. А. Пузаненков,Смоленск,"{'апк': [49], 'нк': [169, 176]}"
"№ 839802 (файл «pl.poruchenie 839802 ot 17.10.16.pdf»), именно наличие которого является допустимым доказательством уплаты государственной пошлины в доход федерального бюджета (пункт 3 статьи 333.18 Налогового кодекса Российской Федерации, пункт 2 параграфа 2 раздела 1 Порядка подачи документов в арбитражные суды Российской Федерации в электронном виде, утвержденного постановлением Пленума Высшего Арбитражного Суда Российской Федерации от 08.11.2013 № 80) в подтверждение уплаты государственной пошлины в сумме 3 000 руб. заявителем в арбитражный суд, несмотря на указания суда, в том числе в определении суда от 21.12.2016 не представлен, с заявителя применительно к статье 110 АПК РФ, подпункту 3 пункта 1 статьи 333.21 Налогового кодекса Российской Федерации надлежит взыскать в доход федерального бюджета государственную пошлину в сумме 3 000 рублей. Руководствуясь статьями 110, 112, 167-170, 176, 201 Арбитражного процессуального кодекса Российской Федерации, Арбитражный суд Пермского края",частично,В.В. Самаркин,Пермь,"{'нк': [251], 'апк': [65, 110, 112, 167, 168, 169, 170, 176, 201]}"
"утствие каких-либо дополнительных процессуальных бумаг, подготовленных представителем истца, объективные цены московского региона на юридические услуги, сложившуюся судебную практику по аналогичной категории дел, продолжительность рассмотрения и сложность дела, явку представителя истца в судебное заседание первой инстанции, расходы истца на оплату юридической помощи подлежат взысканию с ответчика в разумных пределах в сумме 10.000 рублей 00 копеек. При изложенных обстоятельствах суд считает заявление о возмещении судебных расходов по настоящему делу подлежащим удовлетворению в части 10.000 рублей 00 копеек. Расходы по уплате госпошлины распределяются в порядке ст.110 АПК РФ и в связи с предоставлением истцу отсрочки уплаты госпошлины подлежат взысканию с ответчика в доход федерального бюджета. На основании изложенного и руководствуясь ст.ст.8, 12, 307, 309, 310, 395, 779-783 Гражданского кодекса РФ и ст.ст. 4, 9, 64, 65, 67, 68, 70, 71, 101, 110, 123, 156, 167-170, 176, 180 АПК РФ, суд",частично,Д.С. Рыбин,Москва,{'апк': [110]}
"размера расходов не представил. Принимая во внимание, объем представленных доказательств, подлежащих изучению и оценке стороной в целях подготовки иска, время, которое мог бы затратить на подготовку квалифицированный специалист, время участия представителя в судебных заседаниях, арбитражный суд, с учетом правовой позиции, изложенной в пункте 13 постановления Пленума Верховного Суда Российской Федерации №1 от 21.01.2016 «О некоторых вопросах применения законодательства о возмещении издержек, связанных с рассмотрением дела» полагает, что разумному пределу расходов на оплату услуг представителя в суде первой инстанции отвечают заявленные 10000руб. В соответствии со статьей 110 Арбитражного процессуального кодекса Российской Федерации понесенные истцом расходы от уплаты государственной пошлины за рассмотрение иска в полном объеме возлагаются на ответчика. На основании изложенного, руководствуясь статьями 167-170, 171, 176, 180, 181 Арбитражного процессуального кодекса Российской Федерации,",принято,Е.И. Семёнычева,Новосибирск,"{'апк': [65, 101, 106, 110, 121, 156, 167, 168, 169, 170, 171, 176, 180, 181]}"
